pretrain_step,rl_step,gsm8k_pass1,gsm8k_pass4,gsm8k_pass16,math500_pass1,math500_pass4,math500_pass16,skyeasy_pass1,skyeasy_pass4,skyeasy_pass16
5000,50,0.1106899166034875,0.2941622441243366,0.5231235784685367,0.0735,0.188,0.342,0.0715,0.172,0.31
5000,100,0.13817285822592873,0.3290371493555724,0.5564821834723275,0.0875,0.212,0.378,0.0875,0.198,0.346
5000,150,0.16394996209249432,0.3510235026535254,0.5633055344958302,0.0805,0.192,0.38,0.0965,0.216,0.37
5000,200,0.18043972706595907,0.37680060652009095,0.5807429871114481,0.103,0.236,0.414,0.1005,0.228,0.378
5000,250,0.19029567854435178,0.38286580742987114,0.601213040181956,0.1075,0.228,0.386,0.108,0.224,0.358
5000,300,0.19351781652767247,0.38968915845337376,0.6004548900682335,0.125,0.256,0.42,0.122,0.242,0.37
5000,350,0.211144806671721,0.39727065959059893,0.6118271417740713,0.129,0.258,0.408,0.125,0.224,0.386
5000,400,0.22289613343442002,0.41546626231993933,0.6148597422289613,0.1265,0.242,0.42,0.126,0.252,0.382
5000,450,0.23824867323730098,0.4306292645943897,0.6322971948445792,0.1265,0.246,0.4,0.138,0.248,0.402
5000,500,0.2460197119029568,0.4336618650492798,0.620166793025019,0.1225,0.248,0.41,0.1375,0.252,0.406
5000,550,0.2422289613343442,0.42987111448066717,0.6125852918877938,0.1295,0.244,0.388,0.136,0.248,0.404
5000,600,0.255117513267627,0.44655041698256254,0.6391205458680819,0.1315,0.264,0.396,0.1325,0.242,0.386
5000,650,0.25303260045489007,0.4359363153904473,0.620166793025019,0.14,0.264,0.428,0.1415,0.258,0.406
5000,700,0.26156178923426837,0.4397270659590599,0.6300227445034117,0.1305,0.252,0.422,0.145,0.268,0.406
5000,750,0.2759666413949962,0.47081122062168307,0.645185746777862,0.136,0.272,0.416,0.144,0.272,0.398
5000,800,0.28525398028809706,0.48218347232752085,0.6580742987111448,0.144,0.272,0.408,0.1545,0.27,0.388
5000,850,0.2856330553449583,0.47687642153146326,0.6413949962092494,0.1315,0.264,0.406,0.1585,0.282,0.396
5000,900,0.28316906747536014,0.47536012130401817,0.6542835481425322,0.14,0.274,0.41,0.1535,0.282,0.408
5000,950,0.27975739196360877,0.4655041698256255,0.6292645943896892,0.1415,0.262,0.414,0.15,0.258,0.406
5000,1000,0.28582259287338896,0.46398786959818045,0.6421531463229719,0.1345,0.256,0.422,0.1625,0.28,0.422
5000,1050,0.30079605761940864,0.4965883244882487,0.6611068991660348,0.145,0.258,0.422,0.1605,0.272,0.394
5000,1100,0.3011751326762699,0.4988627748294162,0.6467020470053071,0.1375,0.258,0.404,0.1595,0.266,0.392
5000,1150,0.3049658832448825,0.4935557240333586,0.6565579984836998,0.149,0.286,0.43,0.17,0.286,0.408
5000,1200,0.3061031084154663,0.48597422289613346,0.6633813495072024,0.1455,0.26,0.408,0.1675,0.29,0.392
5000,1250,0.30913570887035635,0.49507202426080366,0.6664139499620925,0.142,0.26,0.41,0.16,0.26,0.402
5000,1300,0.3129264594389689,0.5034116755117514,0.6573161485974223,0.1435,0.262,0.398,0.1655,0.278,0.398
5000,1350,0.30534495830174374,0.49507202426080366,0.6527672479150872,0.1485,0.258,0.384,0.1665,0.282,0.398
5000,1400,0.3049658832448825,0.4890068233510235,0.6542835481425322,0.149,0.268,0.392,0.1645,0.28,0.404
5000,1450,0.3153904473085671,0.4988627748294162,0.6611068991660348,0.148,0.26,0.418,0.167,0.278,0.4
5000,1500,0.3129264594389689,0.4935557240333586,0.6535253980288097,0.141,0.26,0.412,0.167,0.272,0.39
5000,1550,0.31330553449583015,0.4920394238059136,0.6542835481425322,0.152,0.278,0.434,0.1745,0.29,0.398
5000,1600,0.3212661106899166,0.4988627748294162,0.66868840030326,0.1545,0.278,0.426,0.1685,0.272,0.396
5000,1650,0.3193707354056103,0.510235026535254,0.66868840030326,0.1515,0.278,0.422,0.176,0.284,0.408
5000,1700,0.32221379833206976,0.5087187263078089,0.6557998483699773,0.1465,0.266,0.424,0.1765,0.294,0.412
5000,1750,0.3237300985595148,0.4988627748294162,0.6679302501895376,0.146,0.276,0.428,0.1795,0.306,0.434
5000,1800,0.32297194844579225,0.4988627748294162,0.6565579984836998,0.1495,0.262,0.428,0.1835,0.302,0.408
5000,1850,0.32221379833206976,0.5011372251705838,0.6694465504169825,0.147,0.262,0.396,0.1755,0.284,0.404
5000,1900,0.32789992418498864,0.5026535253980288,0.6671721000758151,0.1465,0.262,0.396,0.1805,0.284,0.412
5000,1950,0.322592873388931,0.5049279757391963,0.6520090978013646,0.147,0.264,0.404,0.1745,0.274,0.39
5000,2000,0.3290371493555724,0.5072024260803639,0.6550416982562547,0.142,0.264,0.41,0.169,0.274,0.396
5000,2050,0.3244882486732373,0.5049279757391963,0.6603487490523123,0.1425,0.26,0.402,0.1645,0.278,0.398
5000,2100,0.3288476118271418,0.5034116755117514,0.6535253980288097,0.1545,0.272,0.41,0.1675,0.266,0.392
5000,2150,0.3311220621683093,0.49583017437452614,0.6648976497346475,0.1485,0.27,0.4,0.1595,0.252,0.38
5000,2200,0.3288476118271418,0.5056861258529188,0.6626231993934799,0.14,0.264,0.41,0.1735,0.292,0.416
5000,2250,0.33131159969673996,0.5109931766489765,0.66565579984837,0.1365,0.258,0.418,0.1675,0.268,0.388
5000,2300,0.33775587566338133,0.5109931766489765,0.6648976497346475,0.142,0.246,0.42,0.1725,0.266,0.386
5000,2350,0.3337755875663381,0.5041698256254739,0.6595905989385898,0.141,0.25,0.418,0.169,0.256,0.39
5000,2400,0.33358605003790753,0.5072024260803639,0.690674753601213,0.15,0.262,0.418,0.1725,0.262,0.388
5000,2450,0.34097801364670205,0.5163002274450341,0.6739954510993177,0.141,0.26,0.418,0.168,0.274,0.39
5000,2500,0.3419257012888552,0.5094768764215315,0.6671721000758151,0.1455,0.262,0.43,0.1765,0.28,0.382
5000,2550,0.3407884761182714,0.513267626990144,0.6557998483699773,0.1515,0.276,0.42,0.1795,0.298,0.418
5000,2600,0.34040940106141016,0.5208491281273692,0.6709628506444276,0.1475,0.27,0.406,0.1675,0.264,0.384
5000,2650,0.33813495072024263,0.5011372251705838,0.6633813495072024,0.1465,0.26,0.4,0.179,0.278,0.392
5000,2700,0.33908263836239577,0.510235026535254,0.6679302501895376,0.1485,0.26,0.392,0.1805,0.29,0.4
5000,2750,0.33453373768006067,0.5163002274450341,0.6694465504169825,0.144,0.254,0.408,0.1715,0.278,0.404
5000,2800,0.3400303260045489,0.513267626990144,0.6626231993934799,0.145,0.248,0.406,0.1735,0.278,0.4
5000,2850,0.339461713419257,0.511751326762699,0.6618650492797574,0.147,0.26,0.392,0.173,0.272,0.378
5000,2900,0.33756633813495074,0.5087187263078089,0.6664139499620925,0.1485,0.264,0.42,0.1695,0.278,0.406
5000,2950,0.33320697498104623,0.5041698256254739,0.6618650492797574,0.143,0.238,0.408,0.1725,0.268,0.382
5000,3000,0.3428733889310083,0.5170583775587566,0.6482183472327521,0.1555,0.278,0.406,0.1675,0.27,0.392
10000,50,0.16470811220621684,0.3866565579984837,0.6345716451857468,0.1045,0.248,0.45,0.099,0.234,0.378
10000,100,0.18802122820318423,0.4086429112964367,0.6360879454131918,0.1145,0.26,0.456,0.123,0.26,0.434
10000,150,0.2215693707354056,0.44200151630022744,0.66565579984837,0.133,0.258,0.442,0.136,0.258,0.416
10000,200,0.23938589840788477,0.44806671721000757,0.6664139499620925,0.1535,0.296,0.45,0.1395,0.274,0.438
10000,250,0.25928733889310085,0.4700530705079606,0.6603487490523123,0.157,0.288,0.462,0.156,0.304,0.47
10000,300,0.27558756633813497,0.4988627748294162,0.690674753601213,0.1615,0.31,0.47,0.153,0.284,0.452
10000,350,0.28923426838514027,0.5064442759666414,0.690674753601213,0.1665,0.3,0.468,0.159,0.29,0.466
10000,400,0.2981425322213798,0.514783927217589,0.6921910538286581,0.1735,0.336,0.494,0.1705,0.3,0.456
10000,450,0.2947308567096285,0.5109931766489765,0.6853677028051555,0.1735,0.316,0.49,0.1785,0.31,0.462
10000,500,0.3129264594389689,0.5140257771038665,0.6967399545109931,0.176,0.324,0.476,0.179,0.308,0.47
10000,550,0.3121683093252464,0.5185746777862017,0.7058377558756633,0.1755,0.32,0.482,0.1865,0.332,0.468
10000,600,0.322592873388931,0.5322213798332069,0.7043214556482184,0.176,0.332,0.476,0.1905,0.33,0.488
10000,650,0.34363153904473087,0.5420773313115997,0.7210007581501138,0.1705,0.32,0.472,0.19,0.33,0.456
10000,700,0.3457164518574678,0.5466262319939348,0.7088703563305534,0.1795,0.34,0.464,0.202,0.34,0.468
10000,750,0.3553828658074299,0.5481425322213799,0.7149355572403336,0.192,0.328,0.482,0.1975,0.342,0.49
10000,800,0.36315390447308565,0.5617892342683851,0.734647460197119,0.183,0.324,0.48,0.197,0.336,0.476
10000,850,0.371683093252464,0.5564821834723275,0.7210007581501138,0.1755,0.312,0.484,0.21,0.348,0.474
10000,900,0.38305534495830174,0.5868081880212282,0.731614859742229,0.188,0.332,0.512,0.207,0.344,0.486
10000,950,0.38229719484457925,0.5928733889310084,0.7376800606520091,0.1935,0.354,0.51,0.2115,0.338,0.468
10000,1000,0.3832448824867324,0.5655799848369977,0.7255496588324488,0.195,0.342,0.502,0.209,0.336,0.476
10000,1050,0.38817285822592873,0.5784685367702805,0.731614859742229,0.1885,0.318,0.504,0.216,0.342,0.482
10000,1100,0.38684609552691435,0.576194086429113,0.7323730098559514,0.189,0.316,0.504,0.212,0.34,0.476
10000,1150,0.3889310083396513,0.5852918877937832,0.7369219105382866,0.194,0.326,0.502,0.219,0.342,0.474
10000,1200,0.395185746777862,0.5890826383623957,0.7384382107657316,0.1975,0.332,0.504,0.22,0.342,0.488
10000,1250,0.39935557240333586,0.5822592873388931,0.7376800606520091,0.201,0.34,0.502,0.219,0.338,0.492
10000,1300,0.40731614859742227,0.5913570887035633,0.7490523123578469,0.203,0.356,0.506,0.2275,0.356,0.492
10000,1350,0.40181956027293403,0.5974222896133434,0.7460197119029568,0.2005,0.324,0.51,0.2225,0.358,0.482
10000,1400,0.4042835481425322,0.6027293404094011,0.7369219105382866,0.1935,0.326,0.504,0.225,0.344,0.488
10000,1450,0.40314632297194847,0.5921152388172858,0.7490523123578469,0.2025,0.352,0.496,0.2255,0.352,0.502
10000,1500,0.410538286580743,0.5989385898407885,0.7467778620166793,0.2005,0.338,0.488,0.227,0.36,0.49
10000,1550,0.40333586050037906,0.5959059893858984,0.7498104624715694,0.195,0.322,0.478,0.219,0.35,0.482
10000,1600,0.4025777103866566,0.5799848369977255,0.7460197119029568,0.205,0.338,0.486,0.227,0.366,0.478
10000,1650,0.40561031084154664,0.5928733889310084,0.7384382107657316,0.207,0.35,0.498,0.2175,0.352,0.48
10000,1700,0.4094010614101592,0.6004548900682335,0.7528430629264594,0.2055,0.338,0.492,0.217,0.346,0.49
10000,1750,0.405420773313116,0.5913570887035633,0.7414708112206216,0.1945,0.33,0.486,0.217,0.334,0.476
10000,1800,0.412054586808188,0.6004548900682335,0.7490523123578469,0.1945,0.322,0.5,0.228,0.354,0.478
10000,1850,0.410538286580743,0.5951478392721758,0.7429871114480667,0.193,0.35,0.512,0.2245,0.346,0.468
10000,1900,0.4202047005307051,0.604245640636846,0.7528430629264594,0.197,0.33,0.494,0.2275,0.364,0.482
10000,1950,0.41015921152388174,0.5936315390447309,0.7498104624715694,0.2055,0.342,0.508,0.225,0.352,0.49
10000,2000,0.4150871872630781,0.6004548900682335,0.756633813495072,0.2055,0.346,0.508,0.2315,0.366,0.484
10000,2050,0.4202047005307051,0.601213040181956,0.7437452615617892,0.1985,0.348,0.49,0.234,0.366,0.498
10000,2100,0.41811978771796815,0.5890826383623957,0.7513267626990144,0.1955,0.316,0.496,0.2245,0.354,0.498
10000,2150,0.41925701288855194,0.5959059893858984,0.7543593631539045,0.1975,0.328,0.504,0.24,0.37,0.496
10000,2200,0.42721758908263835,0.5974222896133434,0.7498104624715694,0.2015,0.338,0.494,0.2335,0.362,0.5
10000,2250,0.43043972706595907,0.6095526914329037,0.7376800606520091,0.203,0.336,0.492,0.2255,0.358,0.488
10000,2300,0.42664897649734645,0.6087945413191812,0.7384382107657316,0.201,0.34,0.476,0.2295,0.35,0.484
10000,2350,0.42608036391205456,0.6133434420015162,0.7498104624715694,0.1955,0.326,0.486,0.232,0.356,0.488
10000,2400,0.43157695223654285,0.6103108415466262,0.7604245640636846,0.198,0.33,0.482,0.2305,0.36,0.494
10000,2450,0.4209628506444276,0.5974222896133434,0.7475360121304018,0.1945,0.326,0.492,0.2395,0.358,0.47
10000,2500,0.42323730098559514,0.6057619408642911,0.7460197119029568,0.1935,0.336,0.49,0.235,0.354,0.494
10000,2550,0.4285443517816528,0.5898407884761183,0.734647460197119,0.2035,0.344,0.508,0.231,0.352,0.486
10000,2600,0.4257012888551933,0.599696739954511,0.7407126611068992,0.204,0.354,0.488,0.237,0.372,0.486
10000,2650,0.4336618650492798,0.6118271417740713,0.7467778620166793,0.2045,0.348,0.496,0.2355,0.374,0.484
10000,2700,0.42702805155420775,0.5989385898407885,0.7437452615617892,0.2,0.334,0.484,0.238,0.378,0.482
10000,2750,0.4291129643669447,0.601213040181956,0.7482941622441244,0.1985,0.338,0.472,0.2265,0.35,0.482
10000,2800,0.43442001516300227,0.6050037907505686,0.756633813495072,0.1975,0.336,0.484,0.2315,0.36,0.494
10000,2850,0.4294920394238059,0.6027293404094011,0.7384382107657316,0.2075,0.348,0.492,0.2415,0.368,0.502
10000,2900,0.4262699014404852,0.6034874905231236,0.7482941622441244,0.206,0.344,0.496,0.2415,0.354,0.49
10000,2950,0.4330932524639879,0.6034874905231236,0.7422289613343442,0.2085,0.346,0.51,0.233,0.364,0.478
10000,3000,0.4347990902198635,0.6057619408642911,0.7513267626990144,0.2,0.312,0.474,0.2395,0.372,0.518
10000,3050,0.43612585291887795,0.6125852918877938,0.7407126611068992,0.2005,0.322,0.478,0.249,0.368,0.486
10000,3100,0.44275966641395,0.620166793025019,0.7384382107657316,0.2045,0.332,0.486,0.243,0.37,0.494
10000,3150,0.44010614101592116,0.6095526914329037,0.7414708112206216,0.2125,0.344,0.496,0.243,0.374,0.472
15000,50,0.23104624715693708,0.45943896891584535,0.6808188021228203,0.1395,0.298,0.486,0.137,0.28,0.454
15000,100,0.2537907505686126,0.4920394238059136,0.6959818043972706,0.16,0.328,0.5,0.1415,0.294,0.464
15000,150,0.2789992418498863,0.511751326762699,0.7028051554207733,0.1625,0.316,0.508,0.155,0.33,0.496
15000,200,0.29624715693707354,0.535253980288097,0.7308567096285065,0.1745,0.324,0.506,0.17,0.316,0.486
15000,250,0.3193707354056103,0.5534495830174374,0.7369219105382866,0.1845,0.338,0.514,0.187,0.348,0.472
15000,300,0.33188021228203185,0.5564821834723275,0.755117513267627,0.198,0.354,0.516,0.1945,0.37,0.5
15000,350,0.3464746019711903,0.5640636846095527,0.7407126611068992,0.2085,0.382,0.536,0.206,0.38,0.518
15000,400,0.3498862774829416,0.5663381349507203,0.7536012130401819,0.2015,0.354,0.538,0.209,0.36,0.496
15000,450,0.35633055344958303,0.5693707354056103,0.7528430629264594,0.212,0.374,0.538,0.2135,0.354,0.516
15000,500,0.3673237300985595,0.577710386656558,0.7475360121304018,0.2105,0.37,0.528,0.2105,0.35,0.496
15000,550,0.3756633813495072,0.6034874905231236,0.7573919636087946,0.2175,0.382,0.524,0.224,0.37,0.504
15000,600,0.38305534495830174,0.6034874905231236,0.7581501137225171,0.219,0.382,0.548,0.23,0.366,0.508
15000,650,0.3843821076573162,0.5837755875663382,0.7437452615617892,0.2195,0.366,0.53,0.228,0.354,0.498
15000,700,0.39139499620924945,0.5845337376800607,0.7520849128127369,0.2175,0.364,0.546,0.231,0.374,0.518
15000,750,0.3923426838514026,0.6027293404094011,0.7634571645185747,0.2235,0.382,0.554,0.2295,0.364,0.516
15000,800,0.4025777103866566,0.5928733889310084,0.7672479150871873,0.231,0.378,0.568,0.229,0.374,0.518
15000,850,0.4092115238817286,0.6110689916603488,0.7642153146322972,0.2335,0.388,0.582,0.2425,0.384,0.504
15000,900,0.4150871872630781,0.6239575435936315,0.778620166793025,0.2185,0.366,0.548,0.247,0.378,0.51
15000,950,0.4162244124336619,0.6148597422289613,0.7733131159969674,0.2245,0.38,0.552,0.239,0.362,0.526
15000,1000,0.41925701288855194,0.6292645943896892,0.7763457164518575,0.231,0.374,0.534,0.2495,0.4,0.526
15000,1050,0.4200151630022744,0.6141015921152388,0.7763457164518575,0.24,0.392,0.566,0.2465,0.386,0.514
15000,1100,0.42664897649734645,0.6269901440485216,0.7793783169067475,0.24,0.398,0.536,0.243,0.386,0.512
15000,1150,0.42892342683851403,0.6300227445034117,0.78013646702047,0.235,0.406,0.548,0.2565,0.39,0.494
15000,1200,0.4300606520090978,0.6141015921152388,0.78013646702047,0.242,0.388,0.55,0.259,0.39,0.496
15000,1250,0.4336618650492798,0.6353297952994693,0.7831690674753601,0.244,0.4,0.532,0.2465,0.384,0.502
15000,1300,0.4336618650492798,0.6254738438210766,0.7884761182714177,0.246,0.402,0.554,0.2555,0.378,0.498
15000,1350,0.4393479909021986,0.6186504927975739,0.7687642153146323,0.2445,0.398,0.564,0.255,0.404,0.506
15000,1400,0.4450341167551175,0.6307808946171342,0.7733131159969674,0.2385,0.398,0.528,0.257,0.392,0.524
15000,1450,0.4564063684609553,0.6482183472327521,0.7937831690674754,0.2455,0.402,0.544,0.258,0.374,0.476
15000,1500,0.4482562547384382,0.6315390447308568,0.7710386656557998,0.2485,0.416,0.554,0.2565,0.372,0.496
15000,1550,0.4518574677786202,0.6398786959818044,0.7930250189537529,0.2435,0.396,0.54,0.252,0.378,0.504
15000,1600,0.4598180439727066,0.6429112964366944,0.7862016679302501,0.241,0.39,0.544,0.261,0.4,0.512
15000,1650,0.461144806671721,0.6429112964366944,0.778620166793025,0.2395,0.384,0.53,0.256,0.386,0.498
15000,1700,0.4624715693707354,0.6565579984836998,0.7884761182714177,0.242,0.396,0.55,0.2605,0.38,0.502
15000,1750,0.46626231993934797,0.6535253980288097,0.7846853677028052,0.247,0.416,0.556,0.2595,0.384,0.518
15000,1800,0.47896133434420013,0.6648976497346475,0.7846853677028052,0.24,0.41,0.528,0.267,0.378,0.526
15000,1850,0.46853677028051555,0.6489764973464746,0.7862016679302501,0.2435,0.402,0.564,0.269,0.388,0.516
15000,1900,0.4675890826383624,0.645185746777862,0.77710386656558,0.2505,0.41,0.556,0.268,0.394,0.502
15000,1950,0.4598180439727066,0.6459438968915845,0.7892342683851402,0.24,0.386,0.54,0.2615,0.384,0.524
15000,2000,0.4636087945413192,0.6527672479150872,0.7877179681576952,0.2515,0.404,0.546,0.2675,0.402,0.51
15000,2050,0.4681576952236543,0.645185746777862,0.7930250189537529,0.247,0.404,0.534,0.2665,0.396,0.53
15000,2100,0.4658832448824867,0.6429112964366944,0.7854435178165277,0.245,0.388,0.54,0.2605,0.38,0.512
15000,2150,0.4683472327520849,0.6413949962092494,0.7892342683851402,0.246,0.398,0.542,0.2675,0.38,0.506
15000,2200,0.47441243366186503,0.6679302501895376,0.8021228203184231,0.249,0.38,0.52,0.2625,0.388,0.49
15000,2250,0.47592873388931006,0.6580742987111448,0.799090219863533,0.2425,0.388,0.536,0.267,0.4,0.5
15000,2300,0.4761182714177407,0.6626231993934799,0.799090219863533,0.2455,0.392,0.52,0.268,0.396,0.502
15000,2350,0.4755496588324488,0.6474601971190296,0.7899924184988628,0.263,0.416,0.54,0.269,0.402,0.502
15000,2400,0.4704321455648218,0.643669446550417,0.7733131159969674,0.258,0.412,0.552,0.269,0.39,0.488
15000,2450,0.4766868840030326,0.6459438968915845,0.7778620166793025,0.2575,0.414,0.532,0.2785,0.414,0.506
15000,2500,0.4825625473843821,0.6535253980288097,0.7869598180439727,0.257,0.404,0.53,0.265,0.388,0.506
15000,2550,0.4818043972706596,0.6565579984836998,0.7937831690674754,0.258,0.404,0.528,0.266,0.408,0.508
15000,2600,0.4842683851402578,0.66565579984837,0.800606520090978,0.257,0.386,0.52,0.263,0.394,0.512
15000,2650,0.4800985595147839,0.6398786959818044,0.7862016679302501,0.2525,0.396,0.538,0.27,0.388,0.51
15000,2700,0.4871114480667172,0.6489764973464746,0.7862016679302501,0.2595,0.402,0.546,0.2715,0.398,0.512
15000,2750,0.4840788476118271,0.6520090978013646,0.7877179681576952,0.256,0.41,0.532,0.275,0.398,0.518
15000,2800,0.48388931008339653,0.6429112964366944,0.7748294162244125,0.2575,0.402,0.536,0.272,0.4,0.52
15000,2850,0.48351023502653523,0.6648976497346475,0.7854435178165277,0.2605,0.41,0.544,0.273,0.396,0.506
15000,2900,0.484647460197119,0.66565579984837,0.7884761182714177,0.2555,0.392,0.534,0.28,0.412,0.498
15000,2950,0.4869219105382866,0.6550416982562547,0.778620166793025,0.2545,0.39,0.524,0.2765,0.41,0.512
15000,3000,0.49128127369219105,0.6573161485974223,0.7877179681576952,0.25,0.414,0.554,0.2745,0.386,0.514
20000,50,0.2613722517058378,0.49962092494313876,0.714177407126611,0.1495,0.314,0.5,0.154,0.316,0.462
20000,100,0.28923426838514027,0.5269143290371494,0.7285822592873389,0.167,0.318,0.52,0.1625,0.328,0.478
20000,150,0.3127369219105383,0.5420773313115997,0.7255496588324488,0.185,0.36,0.512,0.184,0.338,0.486
20000,200,0.3242987111448067,0.5451099317664898,0.734647460197119,0.1885,0.368,0.536,0.1875,0.34,0.5
20000,250,0.343062926459439,0.5731614859742229,0.7460197119029568,0.2035,0.374,0.52,0.184,0.33,0.492
20000,300,0.3641015921152388,0.5898407884761183,0.7467778620166793,0.215,0.378,0.524,0.1935,0.334,0.506
20000,350,0.3707354056103108,0.599696739954511,0.7543593631539045,0.2255,0.39,0.53,0.2045,0.358,0.512
20000,400,0.3821076573161486,0.5981804397270659,0.7649734647460197,0.232,0.404,0.55,0.2125,0.364,0.5
20000,450,0.395185746777862,0.6050037907505686,0.7748294162244125,0.2325,0.406,0.552,0.222,0.35,0.508
20000,500,0.39992418498862775,0.6019711902956786,0.7634571645185747,0.2385,0.394,0.532,0.221,0.366,0.516
20000,550,0.4166034874905231,0.623199393479909,0.7634571645185747,0.246,0.408,0.568,0.2305,0.378,0.518
20000,600,0.41527672479150873,0.6141015921152388,0.778620166793025,0.2415,0.392,0.556,0.244,0.394,0.532
20000,650,0.42721758908263835,0.6254738438210766,0.7740712661106899,0.2605,0.434,0.546,0.233,0.376,0.5
20000,700,0.42608036391205456,0.6125852918877938,0.7733131159969674,0.247,0.416,0.546,0.2555,0.406,0.53
20000,750,0.44124336618650495,0.6224412433661866,0.7733131159969674,0.2395,0.398,0.564,0.2525,0.404,0.508
20000,800,0.44408642911296436,0.6338134950720242,0.7717968157695224,0.256,0.406,0.558,0.246,0.382,0.5
20000,850,0.44806671721000757,0.6413949962092494,0.7710386656557998,0.251,0.402,0.552,0.245,0.368,0.52
20000,900,0.4579226686884003,0.6527672479150872,0.7915087187263078,0.2485,0.408,0.56,0.2555,0.406,0.538
20000,950,0.46000758150113724,0.6444275966641395,0.7702805155420773,0.2585,0.406,0.55,0.26,0.396,0.52
20000,1000,0.46076573161485973,0.6421531463229719,0.77710386656558,0.2545,0.404,0.546,0.252,0.386,0.548
20000,1050,0.4619029567854435,0.6398786959818044,0.7824109173616376,0.2555,0.434,0.568,0.262,0.39,0.528
20000,1100,0.4687263078089462,0.6550416982562547,0.7846853677028052,0.256,0.418,0.576,0.2695,0.412,0.526
20000,1150,0.47384382107657314,0.6588324488248674,0.7824109173616376,0.264,0.418,0.574,0.2665,0.404,0.528
20000,1200,0.4727065959059894,0.6603487490523123,0.7937831690674754,0.265,0.428,0.564,0.279,0.414,0.53
20000,1250,0.47289613343442,0.6527672479150872,0.7983320697498104,0.2615,0.416,0.568,0.274,0.406,0.538
20000,1300,0.4806671721000758,0.6702047005307051,0.800606520090978,0.2705,0.416,0.554,0.276,0.414,0.55
20000,1350,0.4772554965883245,0.6588324488248674,0.7824109173616376,0.268,0.41,0.536,0.2745,0.41,0.53
20000,1400,0.4732752084912813,0.6368460955269143,0.7717968157695224,0.26,0.392,0.568,0.2785,0.416,0.552
20000,1450,0.4783927217589083,0.6542835481425322,0.7816527672479151,0.2665,0.414,0.556,0.289,0.424,0.526
20000,1500,0.47820318423047764,0.6482183472327521,0.7816527672479151,0.273,0.418,0.548,0.278,0.408,0.548
20000,1550,0.484647460197119,0.6633813495072024,0.7968157695223654,0.271,0.416,0.542,0.283,0.432,0.536
20000,1600,0.4857846853677028,0.6588324488248674,0.7922668688400303,0.273,0.428,0.544,0.279,0.418,0.552
20000,1650,0.4890068233510235,0.6633813495072024,0.7892342683851402,0.2735,0.418,0.55,0.2855,0.412,0.556
20000,1700,0.4982941622441243,0.6709628506444276,0.7937831690674754,0.2785,0.416,0.544,0.284,0.412,0.534
20000,1750,0.4931766489764973,0.6474601971190296,0.7778620166793025,0.2715,0.404,0.544,0.289,0.4,0.542
20000,1800,0.4977255496588324,0.66868840030326,0.7945413191811979,0.267,0.4,0.518,0.2825,0.426,0.544
20000,1850,0.4982941622441243,0.6732373009855952,0.8081880212282032,0.2705,0.412,0.54,0.28,0.414,0.532
20000,1900,0.4943138741470811,0.6595905989385898,0.78013646702047,0.2695,0.4,0.534,0.281,0.4,0.528
20000,1950,0.4920394238059136,0.6489764973464746,0.7884761182714177,0.2755,0.414,0.528,0.289,0.41,0.532
20000,2000,0.4994313874147081,0.66565579984837,0.7907505686125853,0.268,0.394,0.542,0.2895,0.418,0.532
20000,2050,0.5022744503411676,0.6679302501895376,0.796057619408643,0.2795,0.43,0.57,0.291,0.412,0.544
20000,2100,0.5070128885519333,0.6671721000758151,0.7899924184988628,0.2775,0.41,0.55,0.288,0.414,0.518
20000,2150,0.4967778620166793,0.6588324488248674,0.7968157695223654,0.28,0.412,0.536,0.2815,0.4,0.53
20000,2200,0.5011372251705838,0.6618650492797574,0.7983320697498104,0.264,0.4,0.538,0.2885,0.416,0.53
20000,2250,0.510235026535254,0.6724791508718726,0.7983320697498104,0.2785,0.422,0.524,0.286,0.406,0.528
20000,2300,0.5054965883244883,0.6648976497346475,0.7907505686125853,0.278,0.432,0.554,0.2865,0.41,0.548
20000,2350,0.5043593631539045,0.6747536012130402,0.7952994692949203,0.2795,0.432,0.546,0.295,0.424,0.528
20000,2400,0.5126990144048522,0.6747536012130402,0.7915087187263078,0.28,0.422,0.552,0.292,0.432,0.55
20000,2450,0.5081501137225171,0.6747536012130402,0.7930250189537529,0.2715,0.412,0.552,0.29,0.432,0.53
20000,2500,0.505117513267627,0.6595905989385898,0.7998483699772555,0.2685,0.41,0.53,0.2915,0.422,0.532
20000,2550,0.506633813495072,0.6664139499620925,0.7892342683851402,0.2775,0.42,0.548,0.2975,0.424,0.538
20000,2600,0.5068233510235026,0.6702047005307051,0.8059135708870356,0.2755,0.43,0.534,0.2985,0.416,0.536
20000,2650,0.5092873388931008,0.6664139499620925,0.7907505686125853,0.277,0.422,0.548,0.304,0.424,0.538
20000,2700,0.5020849128127369,0.6664139499620925,0.7869598180439727,0.269,0.398,0.532,0.294,0.414,0.538
20000,2750,0.506633813495072,0.66868840030326,0.7937831690674754,0.281,0.424,0.552,0.294,0.426,0.53
20000,2800,0.510235026535254,0.6755117513267627,0.7975739196360879,0.271,0.41,0.55,0.288,0.398,0.522
20000,2850,0.5075815011372252,0.6724791508718726,0.78013646702047,0.2805,0.426,0.55,0.294,0.424,0.53
20000,2900,0.511751326762699,0.6732373009855952,0.796057619408643,0.274,0.418,0.55,0.292,0.416,0.53
20000,2950,0.5126990144048522,0.6800606520090978,0.7907505686125853,0.2625,0.398,0.538,0.2895,0.412,0.53
20000,3000,0.5094768764215315,0.6694465504169825,0.7877179681576952,0.2805,0.418,0.57,0.292,0.404,0.518
25000,50,0.315959059893859,0.5655799848369977,0.7414708112206216,0.1825,0.36,0.508,0.165,0.32,0.496
25000,100,0.33301743745261564,0.5754359363153905,0.7429871114480667,0.192,0.376,0.534,0.182,0.324,0.504
25000,150,0.35329795299469297,0.5875663381349507,0.7543593631539045,0.205,0.378,0.556,0.2065,0.36,0.508
25000,200,0.366565579984837,0.5959059893858984,0.7680060652009097,0.212,0.392,0.568,0.2095,0.348,0.512
25000,250,0.39025777103866566,0.6118271417740713,0.7695223654283548,0.225,0.402,0.56,0.23,0.388,0.512
25000,300,0.39366944655041697,0.5974222896133434,0.7725549658832449,0.2265,0.416,0.544,0.225,0.38,0.532
25000,350,0.4194465504169826,0.640636846095527,0.7945413191811979,0.2365,0.412,0.544,0.239,0.386,0.542
25000,400,0.4228582259287339,0.6345716451857468,0.7808946171341926,0.246,0.416,0.558,0.244,0.386,0.554
25000,450,0.42778620166793024,0.6383623957543594,0.7793783169067475,0.242,0.412,0.57,0.2445,0.37,0.528
25000,500,0.4365049279757392,0.6353297952994693,0.7717968157695224,0.259,0.418,0.566,0.253,0.388,0.526
25000,550,0.4476876421531463,0.6383623957543594,0.7854435178165277,0.253,0.412,0.564,0.2595,0.408,0.544
25000,600,0.44655041698256254,0.6474601971190296,0.7945413191811979,0.2605,0.432,0.576,0.263,0.406,0.544
25000,650,0.4476876421531463,0.6565579984836998,0.8021228203184231,0.261,0.426,0.564,0.269,0.416,0.53
25000,700,0.4512888551933283,0.6398786959818044,0.7892342683851402,0.262,0.432,0.568,0.279,0.422,0.55
25000,750,0.4573540561031084,0.6497346474601972,0.7854435178165277,0.2655,0.43,0.574,0.274,0.404,0.534
25000,800,0.46417740712661104,0.6520090978013646,0.7869598180439727,0.268,0.434,0.592,0.272,0.41,0.536
25000,850,0.46853677028051555,0.6732373009855952,0.7945413191811979,0.2755,0.456,0.56,0.275,0.412,0.562
25000,900,0.4772554965883245,0.6641394996209249,0.8066717210007581,0.265,0.424,0.558,0.271,0.402,0.532
25000,950,0.4727065959059894,0.6557998483699773,0.7945413191811979,0.2745,0.426,0.552,0.2905,0.422,0.54
25000,1000,0.479529946929492,0.66565579984837,0.7998483699772555,0.279,0.448,0.578,0.2945,0.432,0.556
25000,1050,0.4871114480667172,0.6785443517816527,0.8013646702047005,0.2605,0.424,0.566,0.298,0.434,0.544
25000,1100,0.4840788476118271,0.6747536012130402,0.7998483699772555,0.2685,0.436,0.572,0.3015,0.444,0.56
25000,1150,0.4842683851402578,0.6777862016679302,0.8074298711144806,0.27,0.43,0.596,0.3025,0.43,0.546
25000,1200,0.4869219105382866,0.6717210007581501,0.7952994692949203,0.273,0.448,0.59,0.301,0.422,0.554
25000,1250,0.49583017437452614,0.6762699014404853,0.8028809704321456,0.2755,0.442,0.584,0.3065,0.44,0.544
25000,1300,0.5007581501137225,0.6823351023502654,0.8021228203184231,0.275,0.438,0.56,0.308,0.442,0.522
25000,1350,0.4914708112206217,0.6648976497346475,0.796057619408643,0.2815,0.446,0.58,0.306,0.448,0.572
25000,1400,0.4979150871872631,0.6732373009855952,0.8028809704321456,0.2775,0.444,0.562,0.304,0.434,0.558
25000,1450,0.5013267626990144,0.6648976497346475,0.8043972706595905,0.282,0.432,0.546,0.305,0.442,0.564
25000,1500,0.5020849128127369,0.6800606520090978,0.800606520090978,0.2735,0.44,0.574,0.307,0.436,0.552
25000,1550,0.516868840030326,0.690674753601213,0.8134950720242609,0.2865,0.458,0.576,0.314,0.446,0.554
25000,1600,0.5126990144048522,0.6944655041698257,0.8112206216830933,0.291,0.438,0.586,0.3095,0.438,0.568
25000,1650,0.5109931766489765,0.6793025018953753,0.8036391205458681,0.2785,0.418,0.578,0.3135,0.436,0.564
25000,1700,0.5157316148597423,0.686125852918878,0.8127369219105383,0.284,0.442,0.592,0.3125,0.436,0.568
25000,1750,0.5109931766489765,0.6762699014404853,0.819560272934041,0.2885,0.442,0.572,0.3005,0.422,0.562
25000,1800,0.5104245640636846,0.6755117513267627,0.8066717210007581,0.289,0.44,0.588,0.3015,0.436,0.558
25000,1850,0.5176269901440486,0.6952236542835482,0.8097043214556482,0.282,0.43,0.564,0.3115,0.45,0.566
25000,1900,0.5214177407126611,0.6921910538286581,0.8097043214556482,0.277,0.426,0.58,0.307,0.442,0.548
25000,1950,0.5202805155420773,0.6929492039423806,0.8165276724791509,0.283,0.434,0.566,0.3155,0.452,0.548
25000,2000,0.5240712661106899,0.7028051554207733,0.8263836239575436,0.282,0.428,0.578,0.315,0.446,0.566
25000,2050,0.5299469294920395,0.6990144048521607,0.824109173616376,0.281,0.434,0.558,0.3135,0.46,0.562
25000,2100,0.5291887793783169,0.6982562547384382,0.8142532221379833,0.283,0.454,0.586,0.3105,0.454,0.556
25000,2150,0.5282410917361637,0.6959818043972706,0.8218347232752085,0.2735,0.426,0.562,0.3255,0.466,0.548
25000,2200,0.5308946171341926,0.7020470053070508,0.8150113722517058,0.275,0.424,0.566,0.3185,0.446,0.544
25000,2250,0.5263457164518575,0.6876421531463229,0.8059135708870356,0.2845,0.452,0.568,0.32,0.45,0.56
25000,2300,0.5282410917361637,0.6868840030326004,0.8074298711144806,0.2875,0.45,0.56,0.3205,0.446,0.564
25000,2350,0.5280515542077331,0.6884003032600455,0.8119787717968158,0.285,0.436,0.548,0.3205,0.45,0.56
25000,2400,0.5303260045489007,0.689158453373768,0.8097043214556482,0.2835,0.448,0.568,0.312,0.442,0.556
25000,2450,0.5354435178165277,0.6990144048521607,0.8119787717968158,0.2905,0.448,0.582,0.3265,0.452,0.564
25000,2500,0.5288097043214557,0.6876421531463229,0.8013646702047005,0.2835,0.434,0.564,0.323,0.436,0.554
25000,2550,0.5240712661106899,0.686125852918878,0.821076573161486,0.291,0.452,0.57,0.325,0.448,0.556
25000,2600,0.5356330553449583,0.7050796057619408,0.8188021228203184,0.2915,0.454,0.582,0.3205,0.438,0.548
25000,2650,0.5299469294920395,0.6937073540561031,0.824109173616376,0.2915,0.444,0.576,0.331,0.454,0.566
25000,2700,0.5303260045489007,0.6914329037149356,0.8066717210007581,0.2885,0.434,0.558,0.3135,0.444,0.542
25000,2750,0.5343062926459439,0.7012888551933283,0.8127369219105383,0.298,0.44,0.58,0.3145,0.436,0.554
25000,2800,0.5380970432145565,0.7081122062168309,0.8142532221379833,0.2915,0.426,0.55,0.322,0.448,0.556
25000,2850,0.5399924184988628,0.7103866565579985,0.8286580742987112,0.296,0.43,0.556,0.323,0.434,0.578
25000,2900,0.5428354814253222,0.7035633055344959,0.8119787717968158,0.2965,0.432,0.552,0.3285,0.456,0.574
25000,2950,0.535822592873389,0.7005307050796058,0.8172858225928734,0.295,0.434,0.564,0.323,0.458,0.572
25000,3000,0.5344958301743745,0.6967399545109931,0.8142532221379833,0.296,0.446,0.574,0.3235,0.45,0.57
25000,3050,0.5377179681576952,0.7028051554207733,0.8172858225928734,0.299,0.436,0.582,0.3185,0.44,0.558
25000,3100,0.5394238059135709,0.6959818043972706,0.8097043214556482,0.297,0.442,0.568,0.329,0.47,0.56
25000,3150,0.5369598180439727,0.6997725549658832,0.8134950720242609,0.304,0.436,0.556,0.327,0.452,0.566
25000,3200,0.546057619408643,0.7020470053070508,0.8134950720242609,0.3025,0.432,0.558,0.334,0.474,0.572
25000,3250,0.5434040940106141,0.7065959059893859,0.8180439727065959,0.3035,0.438,0.546,0.3305,0.454,0.568
25000,3300,0.5360121304018196,0.6944655041698257,0.8150113722517058,0.3045,0.442,0.55,0.329,0.45,0.576
25000,3350,0.545489006823351,0.6990144048521607,0.8180439727065959,0.3,0.428,0.538,0.3295,0.444,0.56
25000,3400,0.5509855951478393,0.7065959059893859,0.821076573161486,0.295,0.444,0.562,0.3345,0.474,0.568
25000,3450,0.543972706595906,0.7149355572403336,0.8263836239575436,0.3005,0.436,0.574,0.325,0.46,0.58
30000,50,0.2960576194086429,0.5602729340409401,0.759666413949962,0.1755,0.344,0.518,0.152,0.316,0.5
30000,100,0.32221379833206976,0.5784685367702805,0.7717968157695224,0.1935,0.368,0.52,0.1665,0.334,0.494
30000,150,0.3474222896133434,0.5830174374526156,0.7634571645185747,0.204,0.398,0.536,0.186,0.33,0.488
30000,200,0.37282031842304775,0.604245640636846,0.77710386656558,0.1995,0.36,0.546,0.1985,0.346,0.496
30000,250,0.38514025777103866,0.6103108415466262,0.78013646702047,0.204,0.378,0.552,0.2085,0.366,0.496
30000,300,0.40181956027293403,0.6322971948445792,0.7846853677028052,0.2235,0.41,0.556,0.2245,0.378,0.528
30000,350,0.41698256254738436,0.643669446550417,0.799090219863533,0.239,0.416,0.56,0.2305,0.388,0.532
30000,400,0.42266868840030325,0.6444275966641395,0.7983320697498104,0.2325,0.392,0.576,0.2305,0.38,0.522
30000,450,0.4302501895375284,0.640636846095527,0.796057619408643,0.2375,0.408,0.576,0.2515,0.406,0.544
30000,500,0.43347232752084913,0.6444275966641395,0.7998483699772555,0.2415,0.408,0.578,0.2485,0.414,0.528
30000,550,0.4404852160727824,0.6467020470053071,0.7907505686125853,0.2585,0.438,0.578,0.2495,0.406,0.536
30000,600,0.44636087945413194,0.6550416982562547,0.7937831690674754,0.2575,0.434,0.56,0.256,0.418,0.544
30000,650,0.45564821834723274,0.6664139499620925,0.7945413191811979,0.277,0.44,0.58,0.2665,0.408,0.546
30000,700,0.46474601971190294,0.66565579984837,0.78013646702047,0.283,0.426,0.576,0.2735,0.404,0.528
30000,750,0.4710007581501137,0.6565579984836998,0.8066717210007581,0.2835,0.45,0.574,0.2715,0.412,0.53
30000,800,0.46986353297952993,0.66565579984837,0.7907505686125853,0.2795,0.43,0.568,0.28,0.42,0.53
30000,850,0.4797194844579227,0.6739954510993177,0.799090219863533,0.2855,0.448,0.586,0.2815,0.436,0.532
30000,900,0.4823730098559515,0.6709628506444276,0.7998483699772555,0.277,0.434,0.574,0.281,0.428,0.536
30000,950,0.4943138741470811,0.689158453373768,0.800606520090978,0.2865,0.444,0.574,0.282,0.41,0.55
30000,1000,0.49052312357846856,0.6717210007581501,0.8074298711144806,0.28,0.426,0.57,0.285,0.428,0.56
30000,1050,0.5007581501137225,0.6868840030326004,0.8036391205458681,0.284,0.438,0.574,0.2855,0.412,0.55
30000,1100,0.5036012130401819,0.6921910538286581,0.8119787717968158,0.284,0.444,0.586,0.2835,0.42,0.548
30000,1150,0.5068233510235026,0.6876421531463229,0.8157695223654283,0.2735,0.408,0.558,0.291,0.416,0.568
30000,1200,0.5058756633813495,0.6793025018953753,0.8036391205458681,0.282,0.432,0.58,0.2855,0.42,0.544
30000,1250,0.5111827141774071,0.689158453373768,0.8028809704321456,0.2905,0.45,0.58,0.2935,0.428,0.546
30000,1300,0.5193328278999242,0.6914329037149356,0.8081880212282032,0.286,0.436,0.582,0.289,0.424,0.554
30000,1350,0.5098559514783927,0.6899166034874905,0.8104624715693708,0.277,0.418,0.578,0.2885,0.428,0.566
30000,1400,0.5087187263078089,0.6800606520090978,0.8074298711144806,0.287,0.422,0.562,0.2985,0.438,0.54
30000,1450,0.5140257771038665,0.6702047005307051,0.8165276724791509,0.288,0.432,0.568,0.2955,0.44,0.572
30000,1500,0.5128885519332828,0.6793025018953753,0.8150113722517058,0.2875,0.428,0.574,0.298,0.43,0.546
30000,1550,0.521986353297953,0.6914329037149356,0.8059135708870356,0.285,0.442,0.584,0.3075,0.448,0.564
30000,1600,0.5197119029567855,0.6884003032600455,0.8112206216830933,0.283,0.428,0.588,0.304,0.448,0.562
30000,1650,0.5246398786959818,0.690674753601213,0.8134950720242609,0.295,0.434,0.58,0.3025,0.434,0.544
30000,1700,0.5252084912812737,0.6944655041698257,0.8172858225928734,0.3005,0.444,0.58,0.302,0.446,0.55
30000,1750,0.5253980288097043,0.6876421531463229,0.8119787717968158,0.2935,0.444,0.57,0.2965,0.422,0.552
30000,1800,0.525587566338135,0.689158453373768,0.8119787717968158,0.301,0.444,0.57,0.303,0.424,0.55
30000,1850,0.5312736921910538,0.6952236542835482,0.824109173616376,0.2885,0.436,0.57,0.3005,0.428,0.54
30000,1900,0.5320318423047763,0.690674753601213,0.8218347232752085,0.2825,0.434,0.574,0.2975,0.422,0.558
30000,1950,0.530705079605762,0.6884003032600455,0.8188021228203184,0.2925,0.446,0.58,0.299,0.43,0.564
30000,2000,0.530705079605762,0.690674753601213,0.8165276724791509,0.2945,0.45,0.592,0.304,0.432,0.554
30000,2050,0.533737680060652,0.6944655041698257,0.8180439727065959,0.299,0.456,0.574,0.3025,0.44,0.562
30000,2100,0.5390447308567097,0.6967399545109931,0.8165276724791509,0.292,0.45,0.594,0.301,0.432,0.568
30000,2150,0.5445413191811979,0.7043214556482184,0.824109173616376,0.292,0.442,0.582,0.3095,0.448,0.554
30000,2200,0.5462471569370735,0.6990144048521607,0.8309325246398787,0.2985,0.458,0.604,0.3195,0.46,0.564
30000,2250,0.5525018953752843,0.7187263078089462,0.8369977255496588,0.29,0.452,0.602,0.3115,0.45,0.57
30000,2300,0.5471948445792267,0.7058377558756633,0.8278999241849886,0.2905,0.432,0.586,0.317,0.456,0.568
30000,2350,0.549090219863533,0.7050796057619408,0.8271417740712661,0.3005,0.456,0.572,0.312,0.452,0.574
30000,2400,0.5509855951478393,0.7088703563305534,0.8225928733889311,0.295,0.43,0.58,0.3055,0.43,0.564
30000,2450,0.5449203942380592,0.7081122062168309,0.8278999241849886,0.2985,0.452,0.586,0.3115,0.452,0.568
30000,2500,0.5507960576194086,0.7126611068991661,0.8354814253222138,0.298,0.43,0.58,0.315,0.452,0.56
30000,2550,0.5489006823351024,0.7119029567854435,0.8324488248673237,0.293,0.432,0.588,0.3115,0.444,0.568
30000,2600,0.5471948445792267,0.7134192570128886,0.8248673237300985,0.3,0.44,0.58,0.32,0.448,0.556
30000,2650,0.5487111448066717,0.7043214556482184,0.8233510235026535,0.299,0.446,0.58,0.3145,0.448,0.558
30000,2700,0.543972706595906,0.7012888551933283,0.824109173616376,0.298,0.444,0.586,0.317,0.452,0.56
30000,2750,0.5523123578468537,0.7126611068991661,0.8286580742987112,0.3045,0.448,0.588,0.313,0.45,0.56
30000,2800,0.5534495830174374,0.7043214556482184,0.8354814253222138,0.306,0.452,0.58,0.304,0.444,0.56
30000,2850,0.5553449583017438,0.7217589082638363,0.8430629264594389,0.2955,0.444,0.582,0.3195,0.458,0.556
30000,2900,0.5589461713419257,0.7126611068991661,0.8294162244124337,0.3035,0.436,0.578,0.3175,0.452,0.564
30000,2950,0.5568612585291888,0.7119029567854435,0.8309325246398787,0.304,0.452,0.596,0.319,0.45,0.562
30000,3000,0.558756633813495,0.7172100075815011,0.8233510235026535,0.3005,0.448,0.56,0.3225,0.454,0.558
30000,3050,0.5591357088703564,0.7240333586050038,0.8301743745261562,0.304,0.45,0.572,0.3335,0.458,0.554
30000,3100,0.5523123578468537,0.7058377558756633,0.8301743745261562,0.298,0.446,0.574,0.3195,0.448,0.572
30000,3150,0.5553449583017438,0.711144806671721,0.8278999241849886,0.2995,0.438,0.574,0.3185,0.45,0.558
30000,3200,0.5523123578468537,0.709628506444276,0.8316906747536013,0.297,0.434,0.57,0.3215,0.446,0.546
30000,3250,0.5521228203184231,0.7088703563305534,0.8332069749810462,0.306,0.45,0.57,0.3205,0.454,0.556
30000,3300,0.5553449583017438,0.7073540561031084,0.8271417740712661,0.3005,0.426,0.56,0.325,0.456,0.538
30000,3350,0.5564821834723275,0.7073540561031084,0.8347232752084913,0.303,0.452,0.598,0.314,0.442,0.564
30000,3400,0.559325246398787,0.711144806671721,0.8263836239575436,0.2995,0.428,0.564,0.3195,0.448,0.558
30000,3450,0.5576194086429113,0.7035633055344959,0.8324488248673237,0.3045,0.456,0.588,0.3185,0.434,0.538
30000,3500,0.5604624715693708,0.7088703563305534,0.8172858225928734,0.3045,0.456,0.566,0.3255,0.462,0.582
30000,3550,0.5652009097801365,0.7073540561031084,0.8294162244124337,0.2955,0.432,0.564,0.324,0.456,0.554
30000,3600,0.558756633813495,0.7043214556482184,0.824109173616376,0.303,0.446,0.576,0.3225,0.452,0.566
30000,3650,0.5595147839272175,0.7088703563305534,0.8225928733889311,0.306,0.456,0.576,0.3225,0.458,0.562
30000,3700,0.5566717210007581,0.6990144048521607,0.819560272934041,0.315,0.466,0.588,0.3185,0.44,0.546
30000,3750,0.5572403335860501,0.711144806671721,0.8172858225928734,0.307,0.454,0.586,0.326,0.464,0.576
30000,3800,0.5629264594389689,0.7119029567854435,0.8225928733889311,0.306,0.454,0.576,0.322,0.44,0.54
30000,3850,0.5604624715693708,0.7179681576952237,0.8180439727065959,0.2995,0.46,0.574,0.33,0.44,0.554
30000,3900,0.560841546626232,0.709628506444276,0.824109173616376,0.3015,0.454,0.59,0.3215,0.438,0.548
35000,50,0.344579226686884,0.5936315390447309,0.7695223654283548,0.2025,0.382,0.53,0.1805,0.326,0.478
35000,100,0.36485974222896134,0.6141015921152388,0.78013646702047,0.1975,0.394,0.544,0.2025,0.354,0.53
35000,150,0.3840030326004549,0.6269901440485216,0.7892342683851402,0.2165,0.394,0.56,0.203,0.37,0.524
35000,200,0.39670204700530703,0.6315390447308568,0.8081880212282032,0.2415,0.426,0.574,0.2295,0.4,0.544
35000,250,0.41034874905231233,0.6573161485974223,0.799090219863533,0.2295,0.41,0.544,0.2395,0.402,0.536
35000,300,0.42589082638362397,0.6542835481425322,0.8150113722517058,0.238,0.402,0.566,0.24,0.388,0.546
35000,350,0.4397270659590599,0.6648976497346475,0.8081880212282032,0.237,0.418,0.57,0.2585,0.396,0.536
35000,400,0.44181197877179684,0.6497346474601972,0.8097043214556482,0.2565,0.426,0.552,0.262,0.394,0.528
35000,450,0.4687263078089462,0.6603487490523123,0.8043972706595905,0.271,0.436,0.544,0.2655,0.406,0.572
35000,500,0.47441243366186503,0.6808188021228203,0.8051554207733131,0.266,0.426,0.554,0.2655,0.392,0.546
35000,550,0.48047763457164516,0.686125852918878,0.8112206216830933,0.2665,0.436,0.55,0.27,0.42,0.55
35000,600,0.4895754359363154,0.6876421531463229,0.8203184230477635,0.272,0.428,0.59,0.275,0.402,0.556
35000,650,0.49184988627748294,0.6967399545109931,0.8119787717968158,0.278,0.434,0.598,0.2805,0.396,0.536
35000,700,0.5001895375284306,0.6937073540561031,0.8172858225928734,0.2725,0.438,0.572,0.29,0.43,0.56
35000,750,0.49507202426080366,0.6921910538286581,0.8172858225928734,0.278,0.448,0.586,0.2825,0.422,0.532
35000,800,0.4967778620166793,0.689158453373768,0.8188021228203184,0.281,0.436,0.576,0.281,0.41,0.546
35000,850,0.5041698256254739,0.690674753601213,0.8233510235026535,0.2835,0.448,0.576,0.2905,0.436,0.552
35000,900,0.5159211523881728,0.7073540561031084,0.8263836239575436,0.2865,0.436,0.57,0.2875,0.44,0.546
35000,950,0.5138362395754359,0.6952236542835482,0.8134950720242609,0.296,0.462,0.6,0.3025,0.438,0.542
35000,1000,0.5227445034116756,0.6944655041698257,0.8203184230477635,0.2955,0.47,0.596,0.288,0.42,0.548
35000,1050,0.5253980288097043,0.6944655041698257,0.8104624715693708,0.2985,0.462,0.584,0.298,0.432,0.55
35000,1100,0.5231235784685367,0.6982562547384382,0.8256254738438211,0.2995,0.45,0.588,0.298,0.422,0.556
35000,1150,0.5274829416224412,0.6974981046247157,0.8172858225928734,0.2895,0.434,0.558,0.291,0.438,0.546
35000,1200,0.5377179681576952,0.7028051554207733,0.8256254738438211,0.2995,0.462,0.574,0.3045,0.446,0.554
35000,1250,0.5384761182714177,0.7065959059893859,0.8203184230477635,0.294,0.442,0.588,0.304,0.454,0.556
35000,1300,0.5354435178165277,0.7103866565579985,0.8278999241849886,0.306,0.452,0.568,0.299,0.436,0.554
35000,1350,0.5324109173616376,0.7043214556482184,0.8256254738438211,0.2985,0.452,0.584,0.3005,0.438,0.574
35000,1400,0.5451099317664898,0.7187263078089462,0.8309325246398787,0.296,0.45,0.59,0.305,0.452,0.566
35000,1450,0.5447308567096285,0.7149355572403336,0.8248673237300985,0.293,0.434,0.564,0.3025,0.434,0.562
35000,1500,0.5432145564821834,0.7088703563305534,0.8347232752084913,0.292,0.454,0.596,0.3055,0.448,0.568
35000,1550,0.5470053070507961,0.7126611068991661,0.8339651250947687,0.301,0.44,0.576,0.306,0.448,0.57
35000,1600,0.5509855951478393,0.7172100075815011,0.8377558756633814,0.3155,0.448,0.592,0.305,0.448,0.592
35000,1650,0.5485216072782411,0.7179681576952237,0.8332069749810462,0.296,0.442,0.586,0.3045,0.434,0.57
35000,1700,0.5509855951478393,0.7081122062168309,0.8294162244124337,0.2975,0.45,0.578,0.3005,0.434,0.546
35000,1750,0.5515542077331311,0.711144806671721,0.8233510235026535,0.317,0.464,0.574,0.3045,0.434,0.558
35000,1800,0.5545868081880212,0.7035633055344959,0.8233510235026535,0.3045,0.448,0.584,0.3245,0.478,0.572
35000,1850,0.5561031084154663,0.7164518574677786,0.8294162244124337,0.3105,0.454,0.586,0.3255,0.466,0.574
35000,1900,0.5498483699772555,0.7149355572403336,0.8188021228203184,0.3055,0.452,0.556,0.3105,0.444,0.554
35000,1950,0.5568612585291888,0.7172100075815011,0.8203184230477635,0.3115,0.458,0.59,0.3225,0.46,0.584
35000,2000,0.5519332827899924,0.7103866565579985,0.8233510235026535,0.3095,0.45,0.596,0.31,0.44,0.566
35000,2050,0.5617892342683851,0.7164518574677786,0.8263836239575436,0.314,0.458,0.574,0.3185,0.452,0.552
35000,2100,0.5633055344958302,0.7308567096285065,0.8316906747536013,0.315,0.452,0.58,0.32,0.454,0.576
35000,2150,0.5653904473085671,0.7179681576952237,0.8301743745261562,0.313,0.464,0.586,0.3215,0.458,0.566
35000,2200,0.5667172100075815,0.7263078089461713,0.8309325246398787,0.319,0.482,0.58,0.324,0.462,0.574
35000,2250,0.569560272934041,0.7247915087187263,0.8309325246398787,0.318,0.464,0.586,0.326,0.452,0.574
35000,2300,0.5682335102350266,0.7278241091736164,0.8309325246398787,0.307,0.458,0.58,0.3155,0.438,0.582
35000,2350,0.5680439727065959,0.7323730098559514,0.8369977255496588,0.312,0.47,0.578,0.3235,0.442,0.586
35000,2400,0.5621683093252464,0.734647460197119,0.8347232752084913,0.31,0.462,0.582,0.327,0.456,0.558
35000,2450,0.5703184230477635,0.7240333586050038,0.8301743745261562,0.3015,0.434,0.576,0.3355,0.464,0.568
35000,2500,0.5680439727065959,0.7255496588324488,0.8248673237300985,0.3105,0.444,0.58,0.324,0.442,0.558
35000,2550,0.5718347232752085,0.7263078089461713,0.8225928733889311,0.307,0.448,0.574,0.3335,0.478,0.578
35000,2600,0.5729719484457922,0.7263078089461713,0.8263836239575436,0.3165,0.452,0.564,0.323,0.44,0.574
35000,2650,0.5754359363153905,0.7255496588324488,0.8369977255496588,0.3115,0.456,0.576,0.336,0.46,0.576
35000,2700,0.5771417740712661,0.7278241091736164,0.8225928733889311,0.3005,0.432,0.572,0.3305,0.452,0.58
35000,2750,0.5760045489006823,0.7354056103108415,0.8233510235026535,0.3145,0.466,0.572,0.332,0.468,0.578
35000,2800,0.5729719484457922,0.7232752084912812,0.8309325246398787,0.3135,0.44,0.574,0.3265,0.446,0.562
35000,2850,0.5712661106899166,0.7202426080363912,0.8180439727065959,0.3065,0.432,0.548,0.3275,0.444,0.562
35000,2900,0.5737300985595147,0.7270659590598939,0.8309325246398787,0.322,0.446,0.574,0.3185,0.442,0.556
35000,2950,0.5866186504927976,0.7482941622441244,0.8332069749810462,0.3075,0.442,0.572,0.336,0.462,0.59
35000,3000,0.5830174374526156,0.730098559514784,0.8263836239575436,0.309,0.442,0.578,0.336,0.47,0.57
35000,3050,0.5733510235026535,0.7240333586050038,0.8263836239575436,0.3065,0.444,0.568,0.3365,0.442,0.562
35000,3100,0.5760045489006823,0.7232752084912812,0.8233510235026535,0.3135,0.438,0.538,0.323,0.446,0.558
35000,3150,0.5724033358605004,0.7285822592873389,0.824109173616376,0.306,0.434,0.562,0.334,0.452,0.556
35000,3200,0.5742987111448067,0.7240333586050038,0.8301743745261562,0.3195,0.442,0.566,0.3365,0.452,0.572
35000,3250,0.574677786201668,0.7255496588324488,0.8225928733889311,0.314,0.446,0.574,0.3425,0.464,0.564
35000,3300,0.5674753601213041,0.7202426080363912,0.8316906747536013,0.3195,0.446,0.574,0.3395,0.45,0.55
35000,3350,0.5712661106899166,0.7156937073540561,0.8316906747536013,0.313,0.446,0.574,0.34,0.468,0.566
35000,3400,0.5769522365428355,0.7369219105382866,0.8347232752084913,0.317,0.448,0.56,0.3415,0.472,0.574
35000,3450,0.5775208491281274,0.7263078089461713,0.8233510235026535,0.319,0.442,0.58,0.3425,0.466,0.554
35000,3500,0.5744882486732373,0.7210007581501138,0.8203184230477635,0.315,0.45,0.558,0.3425,0.456,0.564
35000,3550,0.5788476118271417,0.7255496588324488,0.8301743745261562,0.308,0.456,0.566,0.345,0.46,0.562
35000,3600,0.5718347232752085,0.7164518574677786,0.8332069749810462,0.3125,0.434,0.582,0.334,0.44,0.556
35000,3650,0.5676648976497346,0.7164518574677786,0.8203184230477635,0.301,0.44,0.566,0.342,0.454,0.574
35000,3700,0.5794162244124337,0.7285822592873389,0.8294162244124337,0.3155,0.462,0.584,0.3485,0.476,0.566
35000,3750,0.5780894617134192,0.7354056103108415,0.8225928733889311,0.3115,0.454,0.574,0.3445,0.46,0.572
40000,50,0.34420015163002277,0.5959059893858984,0.7824109173616376,0.1875,0.376,0.548,0.1785,0.332,0.502
40000,100,0.36258529188779376,0.5974222896133434,0.7808946171341926,0.2085,0.372,0.538,0.203,0.376,0.522
40000,150,0.3860879454131918,0.6330553449583017,0.796057619408643,0.226,0.428,0.58,0.209,0.366,0.528
40000,200,0.4020090978013647,0.6300227445034117,0.7983320697498104,0.237,0.402,0.55,0.2265,0.376,0.554
40000,250,0.4239954510993177,0.6520090978013646,0.8021228203184231,0.238,0.396,0.548,0.2515,0.422,0.534
40000,300,0.4342304776345716,0.6557998483699773,0.8097043214556482,0.255,0.442,0.576,0.2535,0.428,0.542
40000,350,0.4351781652767248,0.6421531463229719,0.7930250189537529,0.2535,0.428,0.58,0.2515,0.404,0.53
40000,400,0.4490144048521607,0.6611068991660348,0.8051554207733131,0.2505,0.42,0.564,0.2605,0.418,0.55
40000,450,0.4636087945413192,0.6633813495072024,0.8134950720242609,0.2655,0.422,0.554,0.266,0.432,0.54
40000,500,0.4613343442001516,0.6641394996209249,0.8180439727065959,0.2695,0.436,0.588,0.262,0.418,0.564
40000,550,0.4783927217589083,0.6815769522365428,0.8188021228203184,0.268,0.434,0.554,0.2645,0.42,0.564
40000,600,0.48142532221379836,0.6732373009855952,0.8225928733889311,0.265,0.442,0.564,0.269,0.422,0.562
40000,650,0.48351023502653523,0.6732373009855952,0.8309325246398787,0.2785,0.454,0.574,0.2735,0.422,0.552
40000,700,0.4865428354814253,0.6762699014404853,0.8180439727065959,0.2755,0.444,0.582,0.277,0.418,0.568
40000,750,0.49696739954510993,0.6982562547384382,0.8203184230477635,0.2765,0.448,0.568,0.2925,0.432,0.562
40000,800,0.49128127369219105,0.6815769522365428,0.8263836239575436,0.278,0.442,0.574,0.2915,0.44,0.562
40000,850,0.4979150871872631,0.6838514025777104,0.8294162244124337,0.281,0.448,0.588,0.289,0.438,0.56
40000,900,0.4994313874147081,0.6884003032600455,0.8271417740712661,0.286,0.462,0.582,0.286,0.428,0.57
40000,950,0.5068233510235026,0.6944655041698257,0.8332069749810462,0.295,0.458,0.584,0.289,0.42,0.554
40000,1000,0.5098559514783927,0.7065959059893859,0.8354814253222138,0.29,0.48,0.598,0.2935,0.428,0.566
40000,1050,0.5161106899166035,0.7020470053070508,0.8278999241849886,0.295,0.46,0.596,0.3005,0.436,0.558
40000,1100,0.5324109173616376,0.7278241091736164,0.8385140257771039,0.288,0.446,0.58,0.308,0.476,0.558
40000,1150,0.5274829416224412,0.711144806671721,0.8332069749810462,0.2915,0.44,0.568,0.297,0.428,0.566
40000,1200,0.5356330553449583,0.7210007581501138,0.8271417740712661,0.2925,0.454,0.58,0.3,0.422,0.548
40000,1250,0.5339272175890827,0.7156937073540561,0.8369977255496588,0.2995,0.452,0.586,0.3025,0.446,0.564
40000,1300,0.5375284306292646,0.7156937073540561,0.8316906747536013,0.2965,0.456,0.594,0.299,0.43,0.566
40000,1350,0.5401819560272934,0.7270659590598939,0.8278999241849886,0.297,0.442,0.57,0.305,0.454,0.572
40000,1400,0.535253980288097,0.7194844579226687,0.8324488248673237,0.2955,0.45,0.588,0.305,0.438,0.562
40000,1450,0.5297573919636088,0.7103866565579985,0.8271417740712661,0.2945,0.446,0.586,0.315,0.442,0.56
40000,1500,0.5333586050037907,0.711144806671721,0.8271417740712661,0.3115,0.464,0.578,0.3165,0.458,0.562
40000,1550,0.5401819560272934,0.7179681576952237,0.8309325246398787,0.2965,0.442,0.584,0.3095,0.43,0.562
40000,1600,0.5394238059135709,0.7217589082638363,0.8347232752084913,0.3005,0.436,0.578,0.31,0.452,0.556
40000,1650,0.5399924184988628,0.709628506444276,0.8271417740712661,0.304,0.438,0.602,0.312,0.444,0.556
40000,1700,0.5451099317664898,0.7088703563305534,0.8324488248673237,0.308,0.458,0.566,0.32,0.456,0.562
40000,1750,0.5415087187263078,0.7217589082638363,0.8332069749810462,0.304,0.462,0.564,0.319,0.45,0.568
40000,1800,0.5443517816527672,0.714177407126611,0.8407884761182715,0.3055,0.444,0.562,0.3105,0.422,0.56
40000,1850,0.5500379075056862,0.7119029567854435,0.8339651250947687,0.304,0.456,0.572,0.3105,0.432,0.548
40000,1900,0.5576194086429113,0.730098559514784,0.8256254738438211,0.309,0.458,0.584,0.319,0.438,0.564
40000,1950,0.5515542077331311,0.7073540561031084,0.8248673237300985,0.3055,0.45,0.574,0.326,0.45,0.562
40000,2000,0.5534495830174374,0.7179681576952237,0.8218347232752085,0.308,0.454,0.578,0.324,0.454,0.562
40000,2050,0.5511751326762699,0.7187263078089462,0.821076573161486,0.3175,0.464,0.568,0.332,0.462,0.572
40000,2100,0.5511751326762699,0.7172100075815011,0.8256254738438211,0.309,0.45,0.576,0.3275,0.452,0.562
40000,2150,0.5595147839272175,0.7179681576952237,0.8400303260045489,0.307,0.456,0.578,0.3275,0.45,0.578
40000,2200,0.5574298711144806,0.7217589082638363,0.8400303260045489,0.3185,0.46,0.572,0.3145,0.428,0.562
40000,2250,0.5619787717968158,0.7308567096285065,0.8453373768006065,0.314,0.464,0.584,0.316,0.438,0.56
40000,2300,0.5634950720242609,0.7308567096285065,0.844579226686884,0.3095,0.45,0.59,0.3275,0.458,0.58
40000,2350,0.5640636846095527,0.7384382107657316,0.844579226686884,0.314,0.46,0.594,0.328,0.454,0.572
40000,2400,0.5712661106899166,0.730098559514784,0.8423047763457164,0.3165,0.462,0.58,0.3295,0.446,0.554
40000,2450,0.5744882486732373,0.7460197119029568,0.8483699772554966,0.315,0.462,0.584,0.3255,0.446,0.564
40000,2500,0.5650113722517058,0.7278241091736164,0.8423047763457164,0.315,0.462,0.58,0.3335,0.458,0.556
40000,2550,0.5722137983320698,0.7293404094010614,0.8438210765731615,0.3125,0.466,0.572,0.333,0.452,0.56
40000,2600,0.5657695223654283,0.7240333586050038,0.8294162244124337,0.3135,0.458,0.582,0.3285,0.452,0.548
40000,2650,0.5678544351781653,0.7338893100833965,0.8400303260045489,0.322,0.466,0.596,0.331,0.446,0.574
40000,2700,0.5559135708870356,0.7164518574677786,0.8392721758908264,0.3145,0.456,0.568,0.3305,0.452,0.566
40000,2750,0.5663381349507203,0.7164518574677786,0.8354814253222138,0.323,0.466,0.59,0.336,0.464,0.57
40000,2800,0.5623578468536771,0.7210007581501138,0.8385140257771039,0.312,0.434,0.6,0.332,0.454,0.56
40000,2850,0.5667172100075815,0.7194844579226687,0.8392721758908264,0.3155,0.44,0.59,0.3255,0.444,0.572
40000,2900,0.5676648976497346,0.7217589082638363,0.8309325246398787,0.313,0.432,0.574,0.326,0.432,0.552
40000,2950,0.5718347232752085,0.7285822592873389,0.8415466262319939,0.326,0.458,0.576,0.334,0.474,0.58
40000,3000,0.571076573161486,0.7285822592873389,0.8347232752084913,0.32,0.442,0.582,0.3275,0.448,0.562
45000,50,0.36182714177407127,0.6171341925701289,0.796057619408643,0.221,0.42,0.572,0.208,0.386,0.528
45000,100,0.3866565579984837,0.624715693707354,0.8089461713419257,0.234,0.428,0.56,0.216,0.38,0.532
45000,150,0.39859742228961337,0.6398786959818044,0.8066717210007581,0.241,0.432,0.57,0.2275,0.39,0.534
45000,200,0.417172100075815,0.66565579984837,0.8097043214556482,0.238,0.412,0.566,0.236,0.38,0.542
45000,250,0.43119787717968155,0.6633813495072024,0.8119787717968158,0.243,0.42,0.568,0.25,0.408,0.532
45000,300,0.4393479909021986,0.6626231993934799,0.8157695223654283,0.25,0.426,0.576,0.2555,0.404,0.53
45000,350,0.4547005307050796,0.6732373009855952,0.8347232752084913,0.2685,0.464,0.598,0.2725,0.446,0.564
45000,400,0.46474601971190294,0.6739954510993177,0.8233510235026535,0.267,0.442,0.598,0.2705,0.43,0.578
45000,450,0.4675890826383624,0.6717210007581501,0.8248673237300985,0.27,0.442,0.592,0.2775,0.42,0.55
45000,500,0.48597422289613346,0.6899166034874905,0.8172858225928734,0.2795,0.444,0.596,0.2815,0.424,0.578
45000,550,0.488248673237301,0.6876421531463229,0.8150113722517058,0.2765,0.434,0.592,0.302,0.454,0.566
45000,600,0.5043593631539045,0.7012888551933283,0.8324488248673237,0.283,0.428,0.572,0.301,0.442,0.558
45000,650,0.5039802880970432,0.6997725549658832,0.8165276724791509,0.2895,0.452,0.596,0.296,0.444,0.56
45000,700,0.5119408642911296,0.7020470053070508,0.8188021228203184,0.283,0.45,0.594,0.298,0.428,0.562
45000,750,0.511751326762699,0.6997725549658832,0.8188021228203184,0.2885,0.442,0.588,0.301,0.45,0.558
45000,800,0.5140257771038665,0.7020470053070508,0.8218347232752085,0.299,0.434,0.588,0.296,0.426,0.57
45000,850,0.5216072782410918,0.6982562547384382,0.8263836239575436,0.2945,0.43,0.588,0.312,0.45,0.564
45000,900,0.53013646702047,0.7073540561031084,0.8263836239575436,0.2935,0.452,0.602,0.3105,0.436,0.554
45000,950,0.5305155420773313,0.7065959059893859,0.8400303260045489,0.304,0.444,0.582,0.3145,0.436,0.55
45000,1000,0.5284306292645944,0.7028051554207733,0.8301743745261562,0.3025,0.462,0.598,0.3125,0.456,0.556
45000,1050,0.5373388931008339,0.7156937073540561,0.8301743745261562,0.3,0.462,0.61,0.3185,0.458,0.576
45000,1100,0.538855193328279,0.7058377558756633,0.8369977255496588,0.306,0.466,0.602,0.3215,0.452,0.578
45000,1150,0.5435936315390447,0.7149355572403336,0.8347232752084913,0.308,0.472,0.604,0.3255,0.466,0.588
45000,1200,0.5475739196360879,0.7247915087187263,0.8332069749810462,0.312,0.478,0.616,0.32,0.45,0.564
45000,1250,0.5523123578468537,0.7202426080363912,0.8324488248673237,0.3175,0.48,0.602,0.32,0.45,0.576
45000,1300,0.5570507960576194,0.7247915087187263,0.8316906747536013,0.3115,0.464,0.616,0.321,0.45,0.578
45000,1350,0.5597043214556482,0.7293404094010614,0.8324488248673237,0.31,0.464,0.602,0.319,0.452,0.578
45000,1400,0.5595147839272175,0.7293404094010614,0.8324488248673237,0.317,0.47,0.624,0.317,0.438,0.564
45000,1450,0.5595147839272175,0.7187263078089462,0.8256254738438211,0.322,0.472,0.594,0.328,0.444,0.546
45000,1500,0.5612206216830933,0.7278241091736164,0.8407884761182715,0.3075,0.446,0.602,0.3325,0.454,0.564
45000,1550,0.5602729340409401,0.7172100075815011,0.846095526914329,0.317,0.466,0.592,0.3325,0.47,0.596
45000,1600,0.5650113722517058,0.7263078089461713,0.8369977255496588,0.3165,0.46,0.608,0.325,0.442,0.578
45000,1650,0.5686125852918877,0.7255496588324488,0.8354814253222138,0.3165,0.458,0.6,0.341,0.464,0.578
45000,1700,0.5727824109173616,0.730098559514784,0.8430629264594389,0.3165,0.454,0.594,0.3365,0.458,0.584
45000,1750,0.5625473843821076,0.7263078089461713,0.8294162244124337,0.3195,0.48,0.582,0.341,0.464,0.566
45000,1800,0.5705079605761941,0.7361637604245641,0.8423047763457164,0.314,0.45,0.58,0.3495,0.482,0.592
45000,1850,0.5750568612585292,0.733131159969674,0.8369977255496588,0.3235,0.458,0.594,0.339,0.458,0.564
45000,1900,0.5733510235026535,0.7354056103108415,0.8385140257771039,0.318,0.462,0.59,0.338,0.47,0.586
45000,1950,0.5758150113722517,0.7407126611068992,0.8332069749810462,0.326,0.46,0.596,0.3435,0.476,0.582
45000,2000,0.5769522365428355,0.7369219105382866,0.8339651250947687,0.325,0.454,0.588,0.3365,0.464,0.59
45000,2050,0.5784685367702805,0.7338893100833965,0.8369977255496588,0.331,0.474,0.602,0.346,0.494,0.6
45000,2100,0.5856709628506445,0.7414708112206216,0.8423047763457164,0.318,0.446,0.592,0.344,0.472,0.566
45000,2150,0.5871872630780894,0.7391963608794542,0.8400303260045489,0.3145,0.446,0.596,0.342,0.472,0.586
45000,2200,0.5788476118271417,0.7376800606520091,0.8377558756633814,0.3265,0.456,0.586,0.3435,0.464,0.588
45000,2250,0.5786580742987112,0.730098559514784,0.8415466262319939,0.321,0.448,0.578,0.338,0.46,0.586
45000,2300,0.5868081880212282,0.7482941622441244,0.8407884761182715,0.3305,0.46,0.576,0.3405,0.478,0.576
45000,2350,0.5803639120545868,0.7407126611068992,0.8385140257771039,0.3215,0.446,0.606,0.3385,0.46,0.572
45000,2400,0.58131159969674,0.734647460197119,0.8347232752084913,0.3235,0.468,0.592,0.3375,0.468,0.568
45000,2450,0.5930629264594389,0.7528430629264594,0.8354814253222138,0.3185,0.446,0.572,0.3445,0.464,0.578
45000,2500,0.5905989385898408,0.7543593631539045,0.8354814253222138,0.3245,0.45,0.586,0.335,0.458,0.566
45000,2550,0.5815011372251706,0.7445034116755117,0.8400303260045489,0.3205,0.44,0.566,0.3395,0.484,0.582
45000,2600,0.5854814253222138,0.7414708112206216,0.8423047763457164,0.328,0.46,0.602,0.3385,0.484,0.574
45000,2650,0.5873768006065201,0.7505686125852918,0.8385140257771039,0.321,0.456,0.6,0.343,0.464,0.576
45000,2700,0.5828278999241849,0.7323730098559514,0.8339651250947687,0.324,0.452,0.592,0.346,0.466,0.578
45000,2750,0.5869977255496588,0.7361637604245641,0.8385140257771039,0.3345,0.48,0.602,0.3485,0.472,0.59
45000,2800,0.594579226686884,0.7490523123578469,0.8423047763457164,0.323,0.47,0.596,0.3425,0.47,0.572
45000,2850,0.5892721758908264,0.7384382107657316,0.8369977255496588,0.33,0.464,0.59,0.346,0.476,0.58
45000,2900,0.5879454131918119,0.7391963608794542,0.8415466262319939,0.325,0.472,0.608,0.3445,0.464,0.556
45000,2950,0.5928733889310084,0.7482941622441244,0.8392721758908264,0.329,0.472,0.608,0.3495,0.484,0.582
45000,3000,0.5932524639878696,0.7414708112206216,0.846095526914329,0.333,0.482,0.596,0.3575,0.492,0.594
45000,3050,0.5951478392721758,0.7513267626990144,0.8369977255496588,0.33,0.466,0.59,0.3495,0.476,0.56
45000,3100,0.5879454131918119,0.7391963608794542,0.8354814253222138,0.3285,0.472,0.592,0.341,0.478,0.574
45000,3150,0.5919257012888552,0.7384382107657316,0.8392721758908264,0.332,0.478,0.592,0.3445,0.462,0.584
45000,3200,0.5879454131918119,0.731614859742229,0.8256254738438211,0.328,0.458,0.588,0.3545,0.488,0.578
45000,3250,0.5877558756633814,0.7278241091736164,0.8347232752084913,0.338,0.468,0.58,0.357,0.476,0.586
45000,3300,0.5854814253222138,0.7445034116755117,0.8369977255496588,0.3385,0.48,0.592,0.35,0.478,0.58
45000,3350,0.5953373768006065,0.7445034116755117,0.8332069749810462,0.328,0.456,0.572,0.3515,0.474,0.584
45000,3400,0.5904094010614102,0.7369219105382866,0.8453373768006065,0.336,0.478,0.582,0.349,0.47,0.58
45000,3450,0.590978013646702,0.7407126611068992,0.8362395754359363,0.3345,0.47,0.592,0.3505,0.47,0.586
45000,3500,0.5854814253222138,0.7308567096285065,0.8271417740712661,0.3335,0.46,0.59,0.3505,0.484,0.578
45000,3550,0.5930629264594389,0.7429871114480667,0.8347232752084913,0.3365,0.478,0.588,0.357,0.486,0.562
45000,3600,0.5905989385898408,0.7384382107657316,0.8301743745261562,0.3335,0.456,0.578,0.3515,0.468,0.56
45000,3650,0.5930629264594389,0.7407126611068992,0.8385140257771039,0.326,0.454,0.566,0.3495,0.472,0.58
50000,50,0.3646702047005307,0.6118271417740713,0.8013646702047005,0.216,0.42,0.582,0.1915,0.356,0.502
50000,100,0.3887414708112206,0.6368460955269143,0.7945413191811979,0.2315,0.43,0.566,0.2,0.364,0.516
50000,150,0.3963229719484458,0.6307808946171342,0.8066717210007581,0.2325,0.404,0.566,0.211,0.374,0.52
50000,200,0.4065579984836998,0.640636846095527,0.7968157695223654,0.2355,0.412,0.562,0.2325,0.388,0.53
50000,250,0.42532221379833207,0.6595905989385898,0.8134950720242609,0.254,0.43,0.562,0.2445,0.406,0.544
50000,300,0.4308188021228203,0.6618650492797574,0.8188021228203184,0.254,0.428,0.572,0.25,0.398,0.56
50000,350,0.43157695223654285,0.6633813495072024,0.819560272934041,0.2655,0.456,0.584,0.261,0.414,0.536
50000,400,0.4484457922668688,0.6724791508718726,0.8347232752084913,0.274,0.448,0.6,0.2505,0.394,0.544
50000,450,0.4694844579226687,0.686125852918878,0.8203184230477635,0.265,0.434,0.586,0.2655,0.404,0.528
50000,500,0.4734647460197119,0.6853677028051555,0.8316906747536013,0.267,0.438,0.584,0.274,0.416,0.548
50000,550,0.4783927217589083,0.6914329037149356,0.8377558756633814,0.275,0.438,0.604,0.279,0.422,0.56
50000,600,0.4818043972706596,0.6884003032600455,0.8278999241849886,0.2835,0.452,0.592,0.2825,0.426,0.546
50000,650,0.49109173616376045,0.6739954510993177,0.821076573161486,0.2835,0.464,0.592,0.29,0.422,0.566
50000,700,0.49014404852160726,0.6747536012130402,0.8286580742987112,0.287,0.464,0.594,0.3025,0.448,0.584
50000,750,0.49753601213040183,0.686125852918878,0.8233510235026535,0.287,0.46,0.596,0.3035,0.45,0.57
50000,800,0.506633813495072,0.6914329037149356,0.8271417740712661,0.3015,0.46,0.59,0.305,0.438,0.558
50000,850,0.5157316148597423,0.6899166034874905,0.8324488248673237,0.301,0.464,0.596,0.3045,0.458,0.572
50000,900,0.5166793025018954,0.6997725549658832,0.844579226686884,0.3035,0.452,0.594,0.3105,0.478,0.576
50000,950,0.519901440485216,0.7081122062168309,0.8294162244124337,0.3075,0.458,0.596,0.3065,0.444,0.576
50000,1000,0.5248294162244125,0.6899166034874905,0.8256254738438211,0.2985,0.438,0.584,0.3035,0.432,0.56
50000,1050,0.5246398786959818,0.6884003032600455,0.8097043214556482,0.3185,0.462,0.588,0.3165,0.428,0.528
50000,1100,0.5310841546626232,0.7073540561031084,0.8301743745261562,0.3215,0.474,0.618,0.315,0.45,0.56
50000,1150,0.5375284306292646,0.7088703563305534,0.8354814253222138,0.3155,0.45,0.584,0.3285,0.464,0.578
50000,1200,0.5356330553449583,0.7005307050796058,0.8415466262319939,0.3165,0.464,0.576,0.322,0.458,0.578
50000,1250,0.543972706595906,0.7134192570128886,0.8347232752084913,0.317,0.454,0.584,0.3205,0.436,0.558
50000,1300,0.5399924184988628,0.7134192570128886,0.8263836239575436,0.312,0.442,0.596,0.3305,0.466,0.568
50000,1350,0.5430250189537529,0.7088703563305534,0.8362395754359363,0.3145,0.468,0.596,0.319,0.446,0.56
50000,1400,0.5481425322213799,0.711144806671721,0.8316906747536013,0.317,0.464,0.608,0.3245,0.45,0.56
50000,1450,0.5479529946929492,0.7119029567854435,0.8301743745261562,0.3115,0.446,0.606,0.3225,0.45,0.582
50000,1500,0.5530705079605762,0.714177407126611,0.8347232752084913,0.318,0.45,0.614,0.331,0.456,0.586
50000,1550,0.5579984836997726,0.7202426080363912,0.8438210765731615,0.305,0.428,0.592,0.332,0.464,0.58
50000,1600,0.5576194086429113,0.7285822592873389,0.8400303260045489,0.3095,0.454,0.598,0.3335,0.464,0.57
50000,1650,0.5602729340409401,0.7255496588324488,0.8362395754359363,0.3155,0.47,0.604,0.3345,0.468,0.58
50000,1700,0.5568612585291888,0.7293404094010614,0.8362395754359363,0.318,0.46,0.592,0.338,0.476,0.576
50000,1750,0.5625473843821076,0.7285822592873389,0.8324488248673237,0.315,0.456,0.594,0.3325,0.476,0.588
50000,1800,0.5667172100075815,0.730098559514784,0.846095526914329,0.3295,0.49,0.604,0.3305,0.468,0.576
50000,1850,0.574677786201668,0.7384382107657316,0.8400303260045489,0.3175,0.462,0.588,0.343,0.49,0.594
50000,1900,0.5742987111448067,0.7354056103108415,0.8506444275966641,0.318,0.472,0.61,0.334,0.45,0.592
50000,1950,0.5722137983320698,0.730098559514784,0.8392721758908264,0.317,0.45,0.6,0.334,0.462,0.59
50000,2000,0.5739196360879454,0.7354056103108415,0.8438210765731615,0.3095,0.446,0.602,0.3345,0.462,0.594
50000,2050,0.5691811978771797,0.7285822592873389,0.8369977255496588,0.322,0.46,0.606,0.334,0.458,0.586
50000,2100,0.5725928733889311,0.7278241091736164,0.8294162244124337,0.321,0.47,0.61,0.3335,0.472,0.592
50000,2150,0.5758150113722517,0.734647460197119,0.849128127369219,0.323,0.476,0.602,0.3355,0.45,0.596
50000,2200,0.5699393479909022,0.7194844579226687,0.8339651250947687,0.3215,0.474,0.584,0.343,0.468,0.604
50000,2250,0.58131159969674,0.734647460197119,0.8385140257771039,0.3225,0.462,0.6,0.344,0.478,0.598
50000,2300,0.5847232752084913,0.7414708112206216,0.8400303260045489,0.3345,0.48,0.59,0.3355,0.47,0.596
50000,2350,0.5824488248673237,0.7414708112206216,0.8551933282789992,0.33,0.462,0.598,0.3405,0.478,0.596
50000,2400,0.5816906747536013,0.7369219105382866,0.8377558756633814,0.334,0.48,0.594,0.344,0.482,0.608
50000,2450,0.5837755875663382,0.7391963608794542,0.8483699772554966,0.3365,0.488,0.606,0.341,0.476,0.602
50000,2500,0.5820697498104624,0.7369219105382866,0.8415466262319939,0.3285,0.466,0.598,0.349,0.482,0.604
50000,2550,0.5877558756633814,0.7376800606520091,0.8407884761182715,0.328,0.476,0.604,0.342,0.472,0.572
50000,2600,0.5822592873388931,0.7414708112206216,0.8354814253222138,0.33,0.478,0.628,0.3475,0.476,0.592
50000,2650,0.5860500379075056,0.7384382107657316,0.8316906747536013,0.332,0.48,0.6,0.3465,0.474,0.588
50000,2700,0.5852918877937832,0.7399545109931767,0.8362395754359363,0.3405,0.492,0.614,0.341,0.464,0.6
50000,2750,0.5839651250947687,0.7376800606520091,0.8407884761182715,0.324,0.462,0.61,0.338,0.454,0.59
50000,2800,0.5885140257771039,0.7414708112206216,0.8278999241849886,0.33,0.462,0.604,0.347,0.484,0.588
50000,2850,0.589461713419257,0.7422289613343442,0.8430629264594389,0.326,0.466,0.6,0.3395,0.468,0.606
50000,2900,0.5868081880212282,0.7293404094010614,0.8377558756633814,0.332,0.464,0.592,0.3355,0.464,0.602
50000,2950,0.5892721758908264,0.7422289613343442,0.8369977255496588,0.3335,0.488,0.604,0.351,0.49,0.606
50000,3000,0.586429112964367,0.7384382107657316,0.8271417740712661,0.323,0.456,0.596,0.344,0.47,0.582
60000,50,0.37319939347990905,0.6269901440485216,0.8043972706595905,0.205,0.392,0.56,0.1915,0.34,0.494
60000,100,0.39196360879454134,0.6444275966641395,0.7975739196360879,0.228,0.404,0.548,0.209,0.336,0.51
60000,150,0.40447308567096285,0.6459438968915845,0.8051554207733131,0.229,0.412,0.554,0.22,0.358,0.508
60000,200,0.4150871872630781,0.6626231993934799,0.8043972706595905,0.2345,0.404,0.568,0.2255,0.376,0.518
60000,250,0.42589082638362397,0.645185746777862,0.8051554207733131,0.2445,0.416,0.592,0.233,0.38,0.532
60000,300,0.44029567854435175,0.6504927975739196,0.8203184230477635,0.268,0.454,0.588,0.2445,0.386,0.524
60000,350,0.4565959059893859,0.6830932524639879,0.8332069749810462,0.2675,0.43,0.598,0.2685,0.414,0.52
60000,400,0.4710007581501137,0.6770280515542078,0.821076573161486,0.2795,0.44,0.586,0.2675,0.418,0.548
60000,450,0.4869219105382866,0.6800606520090978,0.8263836239575436,0.289,0.44,0.582,0.2735,0.412,0.534
60000,500,0.4920394238059136,0.6876421531463229,0.8309325246398787,0.2835,0.438,0.576,0.2775,0.412,0.556
60000,550,0.49109173616376045,0.6914329037149356,0.8294162244124337,0.2905,0.464,0.594,0.291,0.422,0.576
60000,600,0.5032221379833207,0.7035633055344959,0.8263836239575436,0.2815,0.44,0.574,0.291,0.436,0.562
60000,650,0.5064442759666414,0.6868840030326004,0.8324488248673237,0.276,0.442,0.598,0.298,0.438,0.544
60000,700,0.5134571645185747,0.6868840030326004,0.8271417740712661,0.292,0.438,0.572,0.297,0.434,0.552
60000,750,0.5140257771038665,0.7012888551933283,0.8332069749810462,0.299,0.444,0.578,0.303,0.454,0.55
60000,800,0.525018953752843,0.7134192570128886,0.8453373768006065,0.296,0.46,0.578,0.299,0.442,0.55
60000,850,0.52710386656558,0.7172100075815011,0.8347232752084913,0.291,0.452,0.586,0.308,0.45,0.556
60000,900,0.5236921910538287,0.711144806671721,0.8369977255496588,0.3015,0.448,0.59,0.31,0.444,0.556
60000,950,0.5327899924184989,0.7134192570128886,0.8400303260045489,0.305,0.464,0.6,0.316,0.438,0.554
60000,1000,0.5312736921910538,0.7194844579226687,0.8332069749810462,0.305,0.446,0.602,0.321,0.45,0.564
60000,1050,0.5371493555724033,0.711144806671721,0.8233510235026535,0.3075,0.454,0.588,0.3225,0.46,0.556
60000,1100,0.5411296436694466,0.7081122062168309,0.824109173616376,0.3035,0.454,0.584,0.322,0.45,0.548
60000,1150,0.5399924184988628,0.7172100075815011,0.8332069749810462,0.3135,0.472,0.602,0.321,0.46,0.574
60000,1200,0.5451099317664898,0.6997725549658832,0.8248673237300985,0.3165,0.46,0.59,0.33,0.484,0.58
60000,1250,0.5451099317664898,0.714177407126611,0.8188021228203184,0.317,0.46,0.6,0.3305,0.466,0.568
60000,1300,0.5471948445792267,0.7103866565579985,0.8354814253222138,0.3205,0.474,0.618,0.326,0.46,0.584
60000,1350,0.5566717210007581,0.7202426080363912,0.8347232752084913,0.32,0.476,0.598,0.329,0.464,0.57
60000,1400,0.5636846095526914,0.7255496588324488,0.8301743745261562,0.326,0.472,0.598,0.3405,0.464,0.588
60000,1450,0.5528809704321456,0.7164518574677786,0.8400303260045489,0.3265,0.478,0.6,0.3435,0.478,0.59
60000,1500,0.5534495830174374,0.7278241091736164,0.846095526914329,0.3315,0.488,0.596,0.342,0.474,0.576
60000,1550,0.5612206216830933,0.7247915087187263,0.8332069749810462,0.3135,0.472,0.602,0.3395,0.456,0.576
60000,1600,0.5655799848369977,0.7217589082638363,0.8218347232752085,0.327,0.464,0.604,0.342,0.464,0.572
60000,1650,0.5714556482183473,0.7338893100833965,0.8324488248673237,0.327,0.456,0.582,0.331,0.448,0.574
60000,1700,0.5720242608036391,0.7361637604245641,0.846095526914329,0.3135,0.454,0.578,0.3455,0.472,0.578
60000,1750,0.5657695223654283,0.7187263078089462,0.8415466262319939,0.332,0.49,0.582,0.3465,0.48,0.578
60000,1800,0.5708870356330553,0.7240333586050038,0.8347232752084913,0.331,0.474,0.582,0.3455,0.46,0.568
60000,1850,0.5718347232752085,0.7361637604245641,0.8521607278241091,0.3265,0.462,0.59,0.3525,0.464,0.564
60000,1900,0.5775208491281274,0.7369219105382866,0.8468536770280516,0.333,0.484,0.594,0.3575,0.49,0.594
60000,1950,0.5845337376800607,0.7475360121304018,0.8536770280515542,0.3315,0.47,0.596,0.35,0.474,0.578
60000,2000,0.5775208491281274,0.7361637604245641,0.8529188779378317,0.333,0.49,0.602,0.343,0.462,0.592
60000,2050,0.5750568612585292,0.7498104624715694,0.8468536770280516,0.33,0.488,0.624,0.36,0.48,0.572
60000,2100,0.5805534495830175,0.7467778620166793,0.8483699772554966,0.3395,0.484,0.6,0.3555,0.464,0.55
60000,2150,0.5847232752084913,0.7475360121304018,0.8506444275966641,0.335,0.464,0.598,0.3545,0.46,0.588
60000,2200,0.5860500379075056,0.7414708112206216,0.846095526914329,0.328,0.464,0.596,0.3485,0.46,0.576
60000,2250,0.5924943138741471,0.7558756633813495,0.8506444275966641,0.329,0.484,0.584,0.3525,0.474,0.572
60000,2300,0.5934420015163002,0.7369219105382866,0.8385140257771039,0.3305,0.468,0.586,0.369,0.482,0.598
60000,2350,0.5976118271417741,0.7482941622441244,0.8400303260045489,0.3365,0.466,0.584,0.365,0.48,0.584
60000,2400,0.5913570887035633,0.7482941622441244,0.8332069749810462,0.342,0.478,0.588,0.357,0.474,0.592
60000,2450,0.5957164518574678,0.7513267626990144,0.8347232752084913,0.337,0.48,0.6,0.361,0.486,0.582
60000,2500,0.599128127369219,0.7482941622441244,0.8430629264594389,0.332,0.462,0.586,0.354,0.464,0.578
60000,2550,0.5875663381349507,0.7384382107657316,0.8430629264594389,0.3375,0.47,0.588,0.365,0.484,0.582
60000,2600,0.594579226686884,0.7376800606520091,0.8407884761182715,0.3385,0.462,0.598,0.352,0.466,0.576
60000,2650,0.5943896891584534,0.7399545109931767,0.8339651250947687,0.338,0.46,0.578,0.359,0.476,0.584
60000,2700,0.5924943138741471,0.7361637604245641,0.8407884761182715,0.334,0.478,0.604,0.3645,0.478,0.58
60000,2750,0.5976118271417741,0.734647460197119,0.8362395754359363,0.3375,0.466,0.572,0.358,0.478,0.566
60000,2800,0.5983699772554966,0.7308567096285065,0.8400303260045489,0.3345,0.464,0.574,0.362,0.468,0.57
60000,2850,0.5955269143290371,0.7308567096285065,0.8286580742987112,0.3365,0.47,0.59,0.3645,0.488,0.576
60000,2900,0.5989385898407885,0.7414708112206216,0.8385140257771039,0.339,0.48,0.588,0.365,0.492,0.574
60000,2950,0.5947687642153147,0.7285822592873389,0.8354814253222138,0.3455,0.476,0.582,0.366,0.464,0.564
60000,3000,0.6040561031084155,0.7445034116755117,0.8369977255496588,0.334,0.466,0.594,0.369,0.49,0.578
60000,3050,0.5972327520849128,0.7391963608794542,0.8354814253222138,0.339,0.472,0.602,0.3705,0.482,0.584
60000,3100,0.5966641394996209,0.7407126611068992,0.8347232752084913,0.346,0.468,0.58,0.362,0.464,0.576
60000,3150,0.5978013646702047,0.7490523123578469,0.8362395754359363,0.338,0.466,0.6,0.3665,0.482,0.578
60000,3200,0.594579226686884,0.7384382107657316,0.8400303260045489,0.3515,0.492,0.59,0.368,0.484,0.578
60000,3250,0.5983699772554966,0.7323730098559514,0.8332069749810462,0.342,0.47,0.58,0.371,0.458,0.56
60000,3300,0.6014025777103866,0.7498104624715694,0.8400303260045489,0.3395,0.484,0.584,0.3705,0.476,0.584
60000,3350,0.6023502653525398,0.7437452615617892,0.8362395754359363,0.3405,0.484,0.596,0.3585,0.46,0.576
60000,3400,0.6025398028809704,0.7460197119029568,0.8271417740712661,0.332,0.484,0.576,0.3675,0.476,0.576
60000,3450,0.6044351781652767,0.7429871114480667,0.8347232752084913,0.347,0.488,0.602,0.3665,0.468,0.564
60000,3500,0.6040561031084155,0.7589082638362395,0.8294162244124337,0.344,0.496,0.598,0.369,0.468,0.566
60000,3550,0.6010235026535254,0.7369219105382866,0.8369977255496588,0.3435,0.472,0.576,0.3715,0.47,0.584
60000,3600,0.5962850644427596,0.7293404094010614,0.8278999241849886,0.341,0.482,0.588,0.3675,0.466,0.568
60000,3650,0.5998862774829417,0.730098559514784,0.8263836239575436,0.341,0.472,0.582,0.3725,0.48,0.568
60000,3700,0.5978013646702047,0.7354056103108415,0.8309325246398787,0.3455,0.492,0.614,0.371,0.488,0.558
70000,50,0.36808188021228205,0.6262319939347991,0.8142532221379833,0.22,0.406,0.562,0.2005,0.348,0.514
70000,100,0.3883623957543594,0.6421531463229719,0.8104624715693708,0.2255,0.402,0.56,0.215,0.382,0.512
70000,150,0.41300227445034116,0.6467020470053071,0.8119787717968158,0.239,0.43,0.562,0.234,0.378,0.524
70000,200,0.42778620166793024,0.6588324488248674,0.8256254738438211,0.244,0.426,0.576,0.2355,0.37,0.51
70000,250,0.44181197877179684,0.6709628506444276,0.8278999241849886,0.2445,0.412,0.55,0.252,0.404,0.534
70000,300,0.4520470053070508,0.6868840030326004,0.8256254738438211,0.2545,0.434,0.588,0.2505,0.398,0.55
70000,350,0.4598180439727066,0.6921910538286581,0.8347232752084913,0.2595,0.444,0.596,0.261,0.396,0.55
70000,400,0.4681576952236543,0.6884003032600455,0.8385140257771039,0.2765,0.454,0.59,0.2825,0.43,0.556
70000,450,0.488248673237301,0.7081122062168309,0.8377558756633814,0.274,0.436,0.592,0.302,0.444,0.59
70000,500,0.5001895375284306,0.714177407126611,0.8347232752084913,0.281,0.438,0.572,0.305,0.442,0.576
70000,550,0.494882486732373,0.7065959059893859,0.8301743745261562,0.283,0.44,0.6,0.303,0.458,0.59
70000,600,0.5032221379833207,0.7050796057619408,0.8301743745261562,0.292,0.452,0.602,0.3115,0.456,0.582
70000,650,0.5089082638362395,0.7035633055344959,0.8263836239575436,0.298,0.45,0.6,0.3065,0.442,0.572
70000,700,0.5163002274450341,0.7088703563305534,0.8225928733889311,0.2955,0.45,0.592,0.3205,0.468,0.592
70000,750,0.525018953752843,0.7043214556482184,0.8256254738438211,0.2955,0.442,0.592,0.319,0.452,0.584
70000,800,0.5259666413949962,0.711144806671721,0.8286580742987112,0.305,0.46,0.588,0.324,0.462,0.576
70000,850,0.5346853677028052,0.7172100075815011,0.8324488248673237,0.3035,0.454,0.586,0.3125,0.454,0.568
70000,900,0.5360121304018196,0.7225170583775588,0.8385140257771039,0.3055,0.446,0.574,0.3245,0.468,0.576
70000,950,0.5375284306292646,0.7065959059893859,0.8324488248673237,0.3055,0.448,0.608,0.33,0.472,0.588
70000,1000,0.5435936315390447,0.7232752084912812,0.8430629264594389,0.309,0.446,0.59,0.331,0.464,0.57
70000,1050,0.5422668688400303,0.7058377558756633,0.8316906747536013,0.327,0.472,0.578,0.33,0.472,0.57
70000,1100,0.5473843821076573,0.7126611068991661,0.8294162244124337,0.312,0.444,0.578,0.335,0.472,0.59
70000,1150,0.5504169825625473,0.7119029567854435,0.8324488248673237,0.3215,0.47,0.594,0.3365,0.468,0.574
70000,1200,0.5523123578468537,0.7247915087187263,0.824109173616376,0.321,0.472,0.614,0.332,0.466,0.59
70000,1250,0.5576194086429113,0.7255496588324488,0.8354814253222138,0.3255,0.466,0.588,0.336,0.456,0.582
70000,1300,0.558756633813495,0.7210007581501138,0.8309325246398787,0.331,0.464,0.6,0.334,0.448,0.56
70000,1350,0.5754359363153905,0.7376800606520091,0.8521607278241091,0.3245,0.46,0.594,0.3415,0.458,0.576
70000,1400,0.5684230477634572,0.7399545109931767,0.849128127369219,0.3305,0.458,0.592,0.3425,0.452,0.578
70000,1450,0.5729719484457922,0.7399545109931767,0.8498862774829417,0.326,0.48,0.586,0.3475,0.458,0.566
70000,1500,0.5640636846095527,0.7210007581501138,0.8529188779378317,0.3225,0.468,0.598,0.3455,0.466,0.568
70000,1550,0.5684230477634572,0.7323730098559514,0.8415466262319939,0.3195,0.45,0.592,0.337,0.448,0.572
70000,1600,0.5691811978771797,0.7354056103108415,0.8544351781652767,0.3405,0.47,0.584,0.35,0.462,0.58
70000,1650,0.5797952994692949,0.7467778620166793,0.8559514783927218,0.342,0.49,0.594,0.348,0.464,0.588
70000,1700,0.5765731614859743,0.7376800606520091,0.8483699772554966,0.3235,0.47,0.598,0.353,0.47,0.572
70000,1750,0.5833965125094769,0.7475360121304018,0.8476118271417741,0.3335,0.472,0.59,0.356,0.474,0.574
70000,1800,0.58434420015163,0.7422289613343442,0.8514025777103866,0.328,0.46,0.584,0.355,0.474,0.584
70000,1850,0.5805534495830175,0.7293404094010614,0.8377558756633814,0.33,0.448,0.588,0.353,0.468,0.594
70000,1900,0.5898407884761183,0.7543593631539045,0.8529188779378317,0.333,0.468,0.594,0.362,0.488,0.574
70000,1950,0.5888931008339652,0.7475360121304018,0.8498862774829417,0.336,0.468,0.606,0.3575,0.472,0.578
70000,2000,0.5866186504927976,0.7429871114480667,0.8529188779378317,0.3315,0.468,0.608,0.361,0.486,0.582
70000,2050,0.5913570887035633,0.7498104624715694,0.8498862774829417,0.3365,0.468,0.618,0.3605,0.472,0.578
70000,2100,0.5885140257771039,0.7429871114480667,0.8476118271417741,0.3395,0.468,0.61,0.3565,0.472,0.582
70000,2150,0.5953373768006065,0.7536012130401819,0.8521607278241091,0.3325,0.476,0.618,0.3635,0.484,0.564
70000,2200,0.5868081880212282,0.7543593631539045,0.8476118271417741,0.344,0.48,0.602,0.3695,0.482,0.566
70000,2250,0.5915466262319939,0.755117513267627,0.8597422289613343,0.3405,0.478,0.614,0.3795,0.498,0.57
70000,2300,0.5883244882486732,0.7460197119029568,0.844579226686884,0.3345,0.458,0.606,0.3635,0.478,0.568
70000,2350,0.5856709628506445,0.7536012130401819,0.8514025777103866,0.331,0.464,0.61,0.3635,0.478,0.576
70000,2400,0.5887035633055345,0.7505686125852918,0.844579226686884,0.343,0.468,0.61,0.357,0.468,0.578
70000,2450,0.5868081880212282,0.7573919636087946,0.8574677786201668,0.3365,0.452,0.59,0.3625,0.48,0.57
70000,2500,0.5898407884761183,0.7498104624715694,0.8476118271417741,0.347,0.484,0.598,0.3585,0.472,0.562
70000,2550,0.5871872630780894,0.7513267626990144,0.8392721758908264,0.3455,0.476,0.608,0.366,0.478,0.586
70000,2600,0.5915466262319939,0.7543593631539045,0.8514025777103866,0.34,0.464,0.602,0.36,0.48,0.596
70000,2650,0.5955269143290371,0.7573919636087946,0.8514025777103866,0.345,0.476,0.608,0.3675,0.492,0.574
70000,2700,0.5943896891584534,0.7429871114480667,0.849128127369219,0.347,0.478,0.602,0.3705,0.488,0.58
70000,2750,0.5951478392721758,0.7467778620166793,0.8468536770280516,0.353,0.494,0.604,0.3615,0.466,0.576
70000,2800,0.5905989385898408,0.7407126611068992,0.844579226686884,0.352,0.488,0.574,0.36,0.466,0.552
70000,2850,0.596095526914329,0.7422289613343442,0.8415466262319939,0.35,0.488,0.616,0.3635,0.474,0.572
70000,2900,0.6008339651250948,0.7513267626990144,0.8544351781652767,0.35,0.49,0.602,0.36,0.474,0.58
70000,2950,0.6002653525398028,0.7437452615617892,0.8498862774829417,0.354,0.484,0.6,0.371,0.49,0.584
70000,3000,0.6036770280515542,0.7490523123578469,0.8483699772554966,0.358,0.49,0.598,0.362,0.456,0.578
80000,50,0.3802122820318423,0.6565579984836998,0.8188021228203184,0.198,0.39,0.562,0.1885,0.356,0.512
80000,100,0.41129643669446553,0.6489764973464746,0.8271417740712661,0.217,0.398,0.57,0.2125,0.372,0.52
80000,150,0.4281652767247915,0.6626231993934799,0.8294162244124337,0.2415,0.41,0.588,0.2415,0.406,0.534
80000,200,0.4444655041698256,0.6747536012130402,0.8316906747536013,0.2625,0.436,0.584,0.249,0.41,0.542
80000,250,0.4539423805913571,0.6808188021228203,0.8316906747536013,0.252,0.43,0.578,0.261,0.418,0.548
80000,300,0.45943896891584535,0.6937073540561031,0.8385140257771039,0.2725,0.438,0.576,0.278,0.432,0.562
80000,350,0.4766868840030326,0.6990144048521607,0.8286580742987112,0.278,0.458,0.59,0.2755,0.43,0.568
80000,400,0.4871114480667172,0.711144806671721,0.8430629264594389,0.285,0.46,0.61,0.2745,0.436,0.556
80000,450,0.4979150871872631,0.7179681576952237,0.846095526914329,0.298,0.468,0.612,0.2855,0.436,0.57
80000,500,0.5073919636087946,0.7210007581501138,0.8483699772554966,0.2945,0.462,0.58,0.297,0.442,0.566
80000,550,0.513267626990144,0.7225170583775588,0.8438210765731615,0.298,0.458,0.586,0.309,0.448,0.568
80000,600,0.5214177407126611,0.7210007581501138,0.8415466262319939,0.305,0.464,0.602,0.306,0.458,0.594
80000,650,0.5320318423047763,0.7278241091736164,0.8430629264594389,0.3065,0.46,0.604,0.3195,0.466,0.594
80000,700,0.5346853677028052,0.7202426080363912,0.8476118271417741,0.306,0.458,0.604,0.316,0.468,0.596
80000,750,0.5434040940106141,0.7217589082638363,0.8354814253222138,0.2995,0.44,0.594,0.3175,0.446,0.584
80000,800,0.5380970432145565,0.7179681576952237,0.8377558756633814,0.296,0.426,0.606,0.3305,0.46,0.578
80000,850,0.5447308567096285,0.734647460197119,0.8453373768006065,0.3055,0.46,0.606,0.3365,0.478,0.59
80000,900,0.5576194086429113,0.7414708112206216,0.8423047763457164,0.302,0.462,0.594,0.337,0.466,0.586
80000,950,0.5513646702047005,0.7308567096285065,0.8392721758908264,0.3055,0.464,0.618,0.34,0.48,0.59
80000,1000,0.5530705079605762,0.7240333586050038,0.8423047763457164,0.3135,0.478,0.598,0.3385,0.468,0.586
80000,1050,0.5669067475360121,0.734647460197119,0.844579226686884,0.319,0.464,0.594,0.3395,0.458,0.584
80000,1100,0.5661485974222896,0.7247915087187263,0.8430629264594389,0.323,0.474,0.618,0.343,0.466,0.574
80000,1150,0.5621683093252464,0.7391963608794542,0.8521607278241091,0.323,0.472,0.614,0.347,0.472,0.586
80000,1200,0.576194086429113,0.7498104624715694,0.8551933282789992,0.3255,0.47,0.598,0.3535,0.48,0.592
80000,1250,0.5826383623957544,0.7528430629264594,0.8620166793025019,0.324,0.468,0.598,0.35,0.48,0.594
80000,1300,0.5799848369977255,0.7498104624715694,0.8642911296436695,0.328,0.466,0.58,0.346,0.478,0.596
80000,1350,0.586429112964367,0.7528430629264594,0.8574677786201668,0.335,0.478,0.604,0.348,0.468,0.578
80000,1400,0.5845337376800607,0.7452615617892343,0.8612585291887794,0.335,0.476,0.592,0.3565,0.482,0.572
80000,1450,0.5875663381349507,0.7505686125852918,0.8551933282789992,0.332,0.484,0.612,0.362,0.492,0.584
80000,1500,0.5885140257771039,0.7573919636087946,0.8551933282789992,0.329,0.468,0.604,0.361,0.504,0.568
80000,1550,0.5858605003790751,0.7589082638362395,0.8551933282789992,0.326,0.474,0.606,0.3545,0.486,0.584
80000,1600,0.5923047763457164,0.755117513267627,0.8544351781652767,0.334,0.48,0.61,0.3565,0.48,0.598
80000,1650,0.5923047763457164,0.7520849128127369,0.8544351781652767,0.336,0.478,0.618,0.361,0.494,0.588
80000,1700,0.5885140257771039,0.7558756633813495,0.849128127369219,0.346,0.494,0.624,0.356,0.468,0.59
80000,1750,0.5940106141015921,0.7543593631539045,0.8506444275966641,0.3375,0.49,0.614,0.3615,0.482,0.592
80000,1800,0.5936315390447309,0.7513267626990144,0.8589840788476119,0.345,0.496,0.628,0.364,0.482,0.574
80000,1850,0.5938210765731615,0.7634571645185747,0.8536770280515542,0.344,0.492,0.608,0.364,0.478,0.6
80000,1900,0.5940106141015921,0.7558756633813495,0.8589840788476119,0.3395,0.478,0.614,0.3675,0.488,0.604
80000,1950,0.5966641394996209,0.7558756633813495,0.8536770280515542,0.342,0.49,0.616,0.372,0.494,0.612
80000,2000,0.5979909021986354,0.7664897649734648,0.8589840788476119,0.3515,0.492,0.628,0.373,0.504,0.592
80000,2050,0.6076573161485974,0.7664897649734648,0.8574677786201668,0.3475,0.502,0.612,0.369,0.488,0.58
80000,2100,0.6027293404094011,0.7581501137225171,0.8514025777103866,0.3465,0.486,0.618,0.367,0.488,0.588
80000,2150,0.5972327520849128,0.7634571645185747,0.8582259287338894,0.35,0.496,0.614,0.374,0.498,0.594
80000,2200,0.606330553449583,0.7710386656557998,0.8642911296436695,0.354,0.494,0.624,0.367,0.492,0.604
80000,2250,0.6076573161485974,0.775587566338135,0.8658074298711145,0.3505,0.49,0.616,0.378,0.5,0.596
80000,2300,0.6084154662623199,0.7687642153146323,0.8703563305534496,0.359,0.504,0.622,0.368,0.488,0.588
80000,2350,0.6027293404094011,0.7626990144048522,0.8627748294162244,0.355,0.488,0.624,0.367,0.49,0.608
80000,2400,0.61144806671721,0.7778620166793025,0.8749052312357847,0.3585,0.508,0.628,0.3635,0.48,0.602
80000,2450,0.6129643669446551,0.7702805155420773,0.8703563305534496,0.355,0.484,0.616,0.3745,0.492,0.614
80000,2500,0.6123957543593631,0.7740712661106899,0.8703563305534496,0.358,0.51,0.624,0.375,0.5,0.608
80000,2550,0.6131539044730857,0.7702805155420773,0.8658074298711145,0.3535,0.514,0.628,0.373,0.512,0.616
80000,2600,0.6148597422289613,0.7740712661106899,0.8658074298711145,0.3585,0.514,0.624,0.3805,0.51,0.602
80000,2650,0.6184609552691432,0.7740712661106899,0.8733889310083397,0.3605,0.518,0.636,0.3765,0.5,0.612
80000,2700,0.6194086429112965,0.78013646702047,0.8733889310083397,0.3585,0.506,0.638,0.37,0.486,0.596
80000,2750,0.6148597422289613,0.7816527672479151,0.8658074298711145,0.3555,0.508,0.644,0.3755,0.506,0.6
80000,2800,0.6235784685367702,0.7892342683851402,0.8711144806671721,0.362,0.5,0.614,0.374,0.494,0.592
80000,2850,0.618081880212282,0.7793783169067475,0.869598180439727,0.357,0.506,0.64,0.3735,0.494,0.596
80000,2900,0.6249052312357847,0.7862016679302501,0.865049279757392,0.352,0.492,0.622,0.383,0.506,0.626
80000,2950,0.6243366186504928,0.7748294162244125,0.8627748294162244,0.3605,0.512,0.634,0.3955,0.516,0.602
80000,3000,0.6224412433661866,0.7695223654283548,0.8597422289613343,0.3585,0.494,0.624,0.379,0.49,0.6
80000,3050,0.6286959818043972,0.7763457164518575,0.8536770280515542,0.361,0.51,0.63,0.391,0.504,0.606
80000,3100,0.628316906747536,0.7717968157695224,0.8529188779378317,0.353,0.492,0.634,0.3875,0.516,0.608
80000,3150,0.6286959818043972,0.7816527672479151,0.865049279757392,0.3495,0.486,0.622,0.383,0.5,0.6
80000,3200,0.6235784685367702,0.7839272175890827,0.869598180439727,0.3545,0.5,0.616,0.384,0.5,0.602
80000,3250,0.6224412433661866,0.7717968157695224,0.8612585291887794,0.3595,0.498,0.62,0.3825,0.498,0.588
80000,3300,0.6199772554965883,0.7717968157695224,0.866565579984837,0.3545,0.488,0.604,0.373,0.494,0.596
80000,3350,0.6122062168309326,0.7695223654283548,0.8711144806671721,0.361,0.5,0.61,0.386,0.496,0.612
80000,3400,0.6167551175132676,0.7695223654283548,0.8635329795299469,0.355,0.484,0.62,0.3885,0.506,0.594
80000,3450,0.6144806671721,0.7664897649734648,0.8658074298711145,0.356,0.496,0.628,0.3805,0.502,0.602
80000,3500,0.6182714177407127,0.7740712661106899,0.8627748294162244,0.363,0.512,0.614,0.3845,0.506,0.592
80000,3550,0.6226307808946171,0.77710386656558,0.866565579984837,0.363,0.498,0.608,0.3785,0.492,0.6
80000,3600,0.6207354056103108,0.775587566338135,0.8658074298711145,0.3605,0.494,0.62,0.3765,0.482,0.594
80000,3650,0.6245261561789234,0.7740712661106899,0.8658074298711145,0.3695,0.522,0.612,0.3875,0.5,0.602
90000,50,0.39423805913570886,0.6618650492797574,0.8134950720242609,0.198,0.378,0.576,0.1885,0.338,0.508
90000,100,0.4249431387414708,0.6717210007581501,0.8286580742987112,0.228,0.408,0.598,0.2135,0.374,0.528
90000,150,0.4296815769522365,0.6709628506444276,0.8225928733889311,0.2375,0.41,0.554,0.237,0.4,0.528
90000,200,0.4535633055344958,0.7035633055344959,0.8301743745261562,0.2425,0.44,0.592,0.245,0.398,0.546
90000,250,0.4598180439727066,0.686125852918878,0.8294162244124337,0.2585,0.456,0.582,0.266,0.4,0.536
90000,300,0.47251705837755875,0.6974981046247157,0.8362395754359363,0.277,0.484,0.592,0.267,0.42,0.544
90000,350,0.4806671721000758,0.6952236542835482,0.8377558756633814,0.2845,0.472,0.6,0.2685,0.418,0.57
90000,400,0.4977255496588324,0.7065959059893859,0.8278999241849886,0.2945,0.472,0.606,0.2735,0.42,0.576
90000,450,0.5104245640636846,0.711144806671721,0.8392721758908264,0.2985,0.47,0.608,0.2985,0.448,0.598
90000,500,0.5181956027293404,0.711144806671721,0.8415466262319939,0.296,0.468,0.626,0.2895,0.42,0.572
90000,550,0.5185746777862017,0.7126611068991661,0.8423047763457164,0.294,0.472,0.61,0.31,0.428,0.57
90000,600,0.5274829416224412,0.7217589082638363,0.8483699772554966,0.3,0.472,0.622,0.323,0.454,0.568
90000,650,0.5360121304018196,0.730098559514784,0.8514025777103866,0.3035,0.462,0.628,0.319,0.454,0.574
90000,700,0.545489006823351,0.7323730098559514,0.849128127369219,0.3095,0.46,0.608,0.329,0.462,0.572
90000,750,0.5489006823351024,0.7255496588324488,0.8529188779378317,0.31,0.456,0.604,0.3245,0.446,0.58
90000,800,0.5504169825625473,0.7217589082638363,0.849128127369219,0.312,0.474,0.628,0.3315,0.474,0.576
90000,850,0.5489006823351024,0.7172100075815011,0.846095526914329,0.313,0.47,0.618,0.33,0.454,0.596
90000,900,0.5633055344958302,0.731614859742229,0.8468536770280516,0.31,0.478,0.608,0.34,0.472,0.588
90000,950,0.5669067475360121,0.733131159969674,0.8536770280515542,0.3205,0.464,0.608,0.332,0.47,0.572
90000,1000,0.5722137983320698,0.7407126611068992,0.8506444275966641,0.3255,0.482,0.618,0.333,0.47,0.578
90000,1050,0.5716451857467779,0.7384382107657316,0.8514025777103866,0.3235,0.484,0.622,0.3355,0.454,0.582
90000,1100,0.5750568612585292,0.7323730098559514,0.8514025777103866,0.3205,0.468,0.608,0.331,0.446,0.572
90000,1150,0.5742987111448067,0.7354056103108415,0.8559514783927218,0.3365,0.48,0.624,0.3365,0.46,0.586
90000,1200,0.5765731614859743,0.7354056103108415,0.8506444275966641,0.335,0.478,0.638,0.334,0.442,0.574
90000,1250,0.5811220621683093,0.7384382107657316,0.8551933282789992,0.329,0.478,0.626,0.3395,0.462,0.59
90000,1300,0.5926838514025777,0.7498104624715694,0.8559514783927218,0.331,0.472,0.616,0.337,0.456,0.586
90000,1350,0.5873768006065201,0.7399545109931767,0.8551933282789992,0.335,0.502,0.624,0.3435,0.46,0.584
90000,1400,0.5898407884761183,0.7482941622441244,0.8567096285064443,0.3405,0.492,0.628,0.348,0.466,0.596
90000,1450,0.5923047763457164,0.7490523123578469,0.8559514783927218,0.3445,0.47,0.608,0.344,0.452,0.578
90000,1500,0.5974222896133434,0.7589082638362395,0.8544351781652767,0.3385,0.476,0.618,0.348,0.474,0.592
90000,1550,0.6019711902956786,0.7626990144048522,0.8567096285064443,0.328,0.478,0.608,0.3515,0.462,0.572
90000,1600,0.6046247156937073,0.7634571645185747,0.8620166793025019,0.3235,0.454,0.602,0.3535,0.474,0.598
90000,1650,0.6040561031084155,0.7611827141774071,0.866565579984837,0.3265,0.454,0.59,0.3545,0.466,0.602
90000,1700,0.6031084154662624,0.7498104624715694,0.8627748294162244,0.3425,0.496,0.626,0.352,0.476,0.588
90000,1750,0.6095526914329037,0.756633813495072,0.8597422289613343,0.333,0.478,0.614,0.36,0.484,0.592
90000,1800,0.6097422289613343,0.7604245640636846,0.8627748294162244,0.3385,0.486,0.624,0.3495,0.462,0.58
90000,1850,0.606330553449583,0.7581501137225171,0.8612585291887794,0.3395,0.474,0.628,0.3575,0.47,0.574
90000,1900,0.6089840788476119,0.7649734647460197,0.866565579984837,0.339,0.458,0.614,0.359,0.478,0.57
90000,1950,0.6127748294162244,0.7611827141774071,0.8605003790750568,0.347,0.462,0.61,0.359,0.466,0.582
90000,2000,0.6159969673995451,0.7664897649734648,0.8567096285064443,0.354,0.474,0.62,0.3595,0.48,0.594
90000,2050,0.6178923426838514,0.7642153146322972,0.8589840788476119,0.3555,0.48,0.6,0.358,0.468,0.6
90000,2100,0.6036770280515542,0.7528430629264594,0.8529188779378317,0.351,0.476,0.604,0.359,0.478,0.582
90000,2150,0.6101213040181956,0.7513267626990144,0.8567096285064443,0.339,0.462,0.624,0.3555,0.48,0.594
90000,2200,0.6156178923426838,0.7573919636087946,0.8574677786201668,0.352,0.488,0.632,0.3585,0.476,0.594
90000,2250,0.6192191053828658,0.7589082638362395,0.8642911296436695,0.347,0.484,0.644,0.366,0.498,0.606
90000,2300,0.6152388172858226,0.7513267626990144,0.8589840788476119,0.3455,0.496,0.626,0.3665,0.482,0.584
90000,2350,0.6171341925701289,0.7626990144048522,0.8574677786201668,0.3475,0.496,0.616,0.3655,0.486,0.594
90000,2400,0.6141015921152388,0.7513267626990144,0.8483699772554966,0.3515,0.5,0.632,0.3745,0.504,0.592
90000,2450,0.6194086429112965,0.7619408642911296,0.8559514783927218,0.352,0.5,0.61,0.359,0.472,0.592
90000,2500,0.6273692191053829,0.7717968157695224,0.8711144806671721,0.3555,0.496,0.608,0.364,0.486,0.592
90000,2550,0.623199393479909,0.7604245640636846,0.8589840788476119,0.3555,0.502,0.614,0.37,0.474,0.588
90000,2600,0.6254738438210766,0.7604245640636846,0.8567096285064443,0.346,0.472,0.624,0.3595,0.478,0.602
90000,2650,0.624715693707354,0.7664897649734648,0.8627748294162244,0.3535,0.49,0.604,0.3675,0.488,0.588
90000,2700,0.6275587566338134,0.7710386656557998,0.8574677786201668,0.357,0.496,0.612,0.374,0.486,0.586
90000,2750,0.6241470811220622,0.7702805155420773,0.8521607278241091,0.355,0.494,0.628,0.37,0.492,0.588
90000,2800,0.6245261561789234,0.7543593631539045,0.8589840788476119,0.362,0.502,0.622,0.3705,0.48,0.578
90000,2850,0.624715693707354,0.759666413949962,0.8605003790750568,0.355,0.498,0.618,0.3695,0.492,0.596
90000,2900,0.6220621683093253,0.759666413949962,0.8612585291887794,0.3495,0.478,0.62,0.368,0.482,0.606
90000,2950,0.6322971948445792,0.7664897649734648,0.8567096285064443,0.3395,0.468,0.602,0.372,0.5,0.604
90000,3000,0.6279378316906747,0.7505686125852918,0.8483699772554966,0.346,0.478,0.624,0.364,0.478,0.61
90000,3050,0.6281273692191054,0.7505686125852918,0.8567096285064443,0.3475,0.474,0.618,0.373,0.496,0.582
90000,3100,0.6237680060652009,0.7573919636087946,0.8529188779378317,0.3485,0.478,0.622,0.3815,0.494,0.604
90000,3150,0.6345716451857468,0.7672479150871873,0.8567096285064443,0.3495,0.478,0.61,0.3685,0.492,0.59
90000,3200,0.6290750568612585,0.7611827141774071,0.8559514783927218,0.3625,0.488,0.62,0.37,0.476,0.602
90000,3250,0.6324867323730099,0.7710386656557998,0.8612585291887794,0.362,0.488,0.618,0.3795,0.486,0.578
90000,3300,0.6313495072024261,0.7657316148597423,0.8536770280515542,0.3565,0.476,0.604,0.3745,0.482,0.574
90000,3350,0.6300227445034117,0.7649734647460197,0.8574677786201668,0.3605,0.498,0.6,0.378,0.488,0.586
90000,3400,0.6345716451857468,0.7687642153146323,0.8589840788476119,0.3555,0.498,0.618,0.372,0.476,0.59
90000,3450,0.6364670204700531,0.7672479150871873,0.8536770280515542,0.3685,0.488,0.612,0.377,0.5,0.592
90000,3500,0.6347611827141774,0.7664897649734648,0.8529188779378317,0.3615,0.49,0.604,0.376,0.496,0.588
90000,3550,0.6410159211523881,0.7740712661106899,0.8529188779378317,0.363,0.502,0.612,0.3735,0.494,0.578
90000,3600,0.634950720242608,0.7695223654283548,0.8605003790750568,0.3555,0.486,0.602,0.3745,0.496,0.582
90000,3650,0.6364670204700531,0.7680060652009097,0.8468536770280516,0.3695,0.502,0.614,0.381,0.508,0.602
90000,3700,0.6341925701288855,0.7634571645185747,0.8506444275966641,0.3625,0.508,0.612,0.372,0.484,0.576
90000,3750,0.6307808946171342,0.755117513267627,0.8385140257771039,0.3645,0.494,0.594,0.3925,0.504,0.59
90000,3800,0.6307808946171342,0.756633813495072,0.8415466262319939,0.3555,0.486,0.606,0.3885,0.506,0.584
90000,3850,0.631918119787718,0.7733131159969674,0.8567096285064443,0.3675,0.49,0.608,0.388,0.508,0.582
90000,3900,0.6326762699014404,0.7543593631539045,0.8392721758908264,0.3595,0.486,0.606,0.3845,0.496,0.586
90000,3950,0.6372251705837756,0.7573919636087946,0.8514025777103866,0.3565,0.496,0.624,0.387,0.51,0.582
95368,50,0.4080742987111448,0.6618650492797574,0.8203184230477635,0.206,0.408,0.552,0.158,0.322,0.474
95368,100,0.42892342683851403,0.6755117513267627,0.8263836239575436,0.229,0.426,0.57,0.237,0.398,0.518
95368,150,0.4476876421531463,0.6838514025777104,0.8377558756633814,0.2375,0.426,0.588,0.246,0.402,0.542
95368,200,0.4630401819560273,0.6884003032600455,0.8392721758908264,0.2575,0.434,0.592,0.2585,0.42,0.544
95368,250,0.4727065959059894,0.686125852918878,0.8392721758908264,0.27,0.454,0.592,0.2825,0.454,0.564
95368,300,0.4844579226686884,0.7035633055344959,0.8498862774829417,0.2745,0.436,0.592,0.273,0.418,0.6
95368,350,0.4981046247156937,0.7058377558756633,0.844579226686884,0.278,0.444,0.612,0.2975,0.468,0.582
95368,400,0.5079605761940864,0.7149355572403336,0.8354814253222138,0.2875,0.454,0.606,0.304,0.434,0.572
95368,450,0.5157316148597423,0.7179681576952237,0.8423047763457164,0.2915,0.456,0.59,0.3095,0.472,0.57
95368,500,0.5181956027293404,0.7202426080363912,0.8362395754359363,0.3055,0.478,0.606,0.327,0.482,0.596
95368,550,0.5276724791508719,0.7149355572403336,0.8392721758908264,0.3125,0.464,0.61,0.3215,0.464,0.576
95368,600,0.5384761182714177,0.7225170583775588,0.8430629264594389,0.3215,0.466,0.598,0.3335,0.462,0.578
95368,650,0.5487111448066717,0.731614859742229,0.844579226686884,0.32,0.498,0.608,0.3255,0.462,0.58
95368,700,0.5471948445792267,0.7293404094010614,0.844579226686884,0.325,0.494,0.604,0.3345,0.468,0.584
95368,750,0.5443517816527672,0.711144806671721,0.8316906747536013,0.3185,0.464,0.6,0.3285,0.464,0.582
95368,800,0.5540181956027294,0.7323730098559514,0.8476118271417741,0.327,0.47,0.6,0.342,0.466,0.582
95368,850,0.5606520090978013,0.7293404094010614,0.8423047763457164,0.3295,0.476,0.614,0.333,0.464,0.584
95368,900,0.5640636846095527,0.7293404094010614,0.8498862774829417,0.3245,0.478,0.602,0.338,0.468,0.586
95368,950,0.5691811978771797,0.7278241091736164,0.846095526914329,0.3285,0.47,0.606,0.346,0.48,0.582
95368,1000,0.5697498104624715,0.7263078089461713,0.8430629264594389,0.3305,0.48,0.602,0.344,0.476,0.582
95368,1050,0.5708870356330553,0.734647460197119,0.8430629264594389,0.3345,0.484,0.606,0.341,0.472,0.588
95368,1100,0.5752463987869598,0.7376800606520091,0.8385140257771039,0.3365,0.478,0.598,0.3445,0.464,0.584
95368,1150,0.5733510235026535,0.7391963608794542,0.8536770280515542,0.331,0.476,0.61,0.3485,0.476,0.592
95368,1200,0.5733510235026535,0.7399545109931767,0.8400303260045489,0.344,0.488,0.61,0.3455,0.478,0.606
95368,1250,0.5856709628506445,0.7528430629264594,0.8544351781652767,0.3345,0.478,0.602,0.3485,0.482,0.588
95368,1300,0.5786580742987112,0.7407126611068992,0.866565579984837,0.338,0.48,0.608,0.353,0.494,0.594
95368,1350,0.5748673237300985,0.7422289613343442,0.8582259287338894,0.331,0.462,0.6,0.348,0.492,0.586
95368,1400,0.5816906747536013,0.7437452615617892,0.8574677786201668,0.327,0.458,0.604,0.3525,0.486,0.572
95368,1450,0.5923047763457164,0.7573919636087946,0.8658074298711145,0.34,0.49,0.602,0.3595,0.49,0.596
95368,1500,0.5972327520849128,0.7687642153146323,0.868081880212282,0.344,0.496,0.596,0.365,0.504,0.596
95368,1550,0.6027293404094011,0.7687642153146323,0.868081880212282,0.338,0.482,0.586,0.358,0.5,0.59
95368,1600,0.599128127369219,0.7672479150871873,0.8620166793025019,0.34,0.476,0.59,0.3625,0.502,0.594
95368,1650,0.5972327520849128,0.7490523123578469,0.8574677786201668,0.3465,0.486,0.598,0.363,0.498,0.582
95368,1700,0.590978013646702,0.7513267626990144,0.8498862774829417,0.3385,0.468,0.58,0.354,0.47,0.592
95368,1750,0.6010235026535254,0.7573919636087946,0.8589840788476119,0.344,0.484,0.602,0.3505,0.472,0.606
95368,1800,0.6040561031084155,0.7543593631539045,0.8529188779378317,0.35,0.488,0.6,0.359,0.482,0.59
95368,1850,0.6031084154662624,0.755117513267627,0.8521607278241091,0.3455,0.48,0.594,0.358,0.474,0.582
95368,1900,0.6034874905231236,0.7513267626990144,0.8551933282789992,0.35,0.49,0.598,0.359,0.478,0.598
95368,1950,0.6040561031084155,0.7573919636087946,0.8559514783927218,0.3495,0.478,0.602,0.362,0.482,0.596
95368,2000,0.6040561031084155,0.755117513267627,0.8582259287338894,0.3555,0.494,0.618,0.3725,0.488,0.62
95368,2050,0.6070887035633056,0.7543593631539045,0.8627748294162244,0.353,0.484,0.61,0.3725,0.49,0.592
95368,2100,0.6106899166034875,0.7649734647460197,0.8567096285064443,0.3505,0.486,0.632,0.3645,0.476,0.57
95368,2150,0.6095526914329037,0.7581501137225171,0.8597422289613343,0.3615,0.494,0.61,0.3665,0.484,0.602
95368,2200,0.6120166793025019,0.7604245640636846,0.8642911296436695,0.3595,0.482,0.604,0.3735,0.484,0.596
95368,2250,0.6137225170583775,0.7748294162244125,0.8589840788476119,0.372,0.496,0.606,0.371,0.496,0.61
95368,2300,0.6072782410917361,0.7657316148597423,0.8597422289613343,0.3625,0.48,0.598,0.368,0.486,0.588
95368,2350,0.6120166793025019,0.7657316148597423,0.8688400303260045,0.3715,0.512,0.612,0.3665,0.464,0.582
95368,2400,0.6156178923426838,0.7672479150871873,0.8673237300985596,0.3745,0.498,0.616,0.378,0.484,0.602
95368,2450,0.6133434420015162,0.7604245640636846,0.8582259287338894,0.3625,0.492,0.62,0.376,0.496,0.608
95368,2500,0.6158074298711145,0.7680060652009097,0.8582259287338894,0.3645,0.482,0.608,0.368,0.486,0.602
95368,2550,0.6158074298711145,0.7619408642911296,0.8582259287338894,0.361,0.494,0.618,0.37,0.49,0.614
95368,2600,0.6158074298711145,0.7680060652009097,0.8658074298711145,0.359,0.48,0.606,0.3735,0.494,0.606
95368,2650,0.6190295678544352,0.7649734647460197,0.8620166793025019,0.359,0.486,0.606,0.3725,0.492,0.602
95368,2700,0.6218726307808946,0.78013646702047,0.8605003790750568,0.368,0.492,0.61,0.371,0.48,0.594
95368,2750,0.6158074298711145,0.7672479150871873,0.8605003790750568,0.3665,0.504,0.598,0.373,0.472,0.584
95368,2800,0.616565579984837,0.7642153146322972,0.8612585291887794,0.358,0.49,0.588,0.372,0.478,0.588
95368,2850,0.6159969673995451,0.7573919636087946,0.8605003790750568,0.361,0.512,0.62,0.3705,0.468,0.576
95368,2900,0.618081880212282,0.7604245640636846,0.8544351781652767,0.3605,0.476,0.6,0.371,0.49,0.602
95368,2950,0.6197877179681577,0.7604245640636846,0.8559514783927218,0.3605,0.488,0.618,0.3725,0.48,0.592
95368,3000,0.6226307808946171,0.7626990144048522,0.8612585291887794,0.361,0.492,0.622,0.3675,0.454,0.588
95368,3050,0.618081880212282,0.7589082638362395,0.8574677786201668,0.3645,0.49,0.62,0.3785,0.476,0.592
95368,3100,0.6192191053828658,0.7589082638362395,0.8597422289613343,0.364,0.5,0.618,0.368,0.466,0.59
95368,3150,0.6237680060652009,0.7664897649734648,0.8635329795299469,0.3675,0.516,0.608,0.3695,0.456,0.58
95368,3200,0.6213040181956028,0.7702805155420773,0.8597422289613343,0.3585,0.488,0.61,0.372,0.464,0.602
95368,3250,0.6226307808946171,0.7581501137225171,0.8620166793025019,0.3595,0.484,0.612,0.372,0.47,0.586
95368,3300,0.6205458680818802,0.7543593631539045,0.8627748294162244,0.3685,0.51,0.6,0.3795,0.474,0.586
95368,3350,0.6188400303260045,0.759666413949962,0.8574677786201668,0.362,0.502,0.62,0.373,0.472,0.602
95368,3400,0.6224412433661866,0.7672479150871873,0.8620166793025019,0.374,0.524,0.606,0.3735,0.478,0.61
95368,3450,0.6266110689916603,0.7733131159969674,0.8612585291887794,0.365,0.5,0.604,0.3755,0.474,0.588
95368,3500,0.6233889310083397,0.7702805155420773,0.8514025777103866,0.3705,0.498,0.608,0.3765,0.472,0.576
95368,3550,0.6279378316906747,0.7733131159969674,0.8529188779378317,0.366,0.496,0.606,0.3805,0.48,0.574
95368,3600,0.6305913570887035,0.7733131159969674,0.8582259287338894,0.359,0.482,0.61,0.378,0.47,0.578
95368,3650,0.6264215314632298,0.7657316148597423,0.8582259287338894,0.3615,0.502,0.61,0.371,0.474,0.582
95368,3700,0.6266110689916603,0.7619408642911296,0.8582259287338894,0.36,0.484,0.602,0.3755,0.484,0.578
95368,3750,0.6309704321455648,0.7725549658832449,0.8612585291887794,0.3645,0.506,0.606,0.3795,0.496,0.582
95368,3800,0.6281273692191054,0.7634571645185747,0.8536770280515542,0.366,0.502,0.602,0.3795,0.484,0.584
95368,3850,0.6254738438210766,0.7604245640636846,0.8597422289613343,0.364,0.48,0.596,0.378,0.49,0.586
95368,3900,0.625284306292646,0.7573919636087946,0.8635329795299469,0.3585,0.47,0.592,0.384,0.496,0.59
95368,3950,0.6281273692191054,0.7573919636087946,0.8582259287338894,0.3645,0.494,0.596,0.375,0.486,0.588
95368,4000,0.6250947687642153,0.7573919636087946,0.8605003790750568,0.367,0.492,0.6,0.374,0.478,0.588
